age,age error,proxy,proxyerror,proxyname,researchername,,,,
2016.666666665,0.666666665,0,0,1_kaiser_1_am241_EMB201/74,1_kaiser,,,,cp3 continuous
2014,1,0,0,1_kaiser_1_am241_EMB201/74,1_kaiser,,,,
2012.16666667,1,0,0,1_kaiser_1_am241_EMB201/74,1_kaiser,,,,
2010.33333333,1,0,0,1_kaiser_1_am241_EMB201/74,1_kaiser,,,,
2008.5,1,0,0,1_kaiser_1_am241_EMB201/74,1_kaiser,,,,
2006.66666667,1,0,0,1_kaiser_1_am241_EMB201/74,1_kaiser,,,,
2004.83333333,1,0,0,1_kaiser_1_am241_EMB201/74,1_kaiser,,,,
2003,1,0,0,1_kaiser_1_am241_EMB201/74,1_kaiser,,,,
2001.2,1.2,0,0,1_kaiser_1_am241_EMB201/74,1_kaiser,,,,
1999.4,1.4,0,0,1_kaiser_1_am241_EMB201/74,1_kaiser,,,,
1997.6,1.6,0,0,1_kaiser_1_am241_EMB201/74,1_kaiser,,,,
1995.8,1.8,0,0,1_kaiser_1_am241_EMB201/74,1_kaiser,,,,
1994,2,0,0,1_kaiser_1_am241_EMB201/74,1_kaiser,,,,
1991.33333333,2,0,0,1_kaiser_1_am241_EMB201/74,1_kaiser,,,,
1988.66666667,2,0.6439577057,0.4829682793,1_kaiser_1_am241_EMB201/74,1_kaiser,,,,
1986,2,1.7598237298,1.2846713228,1_kaiser_1_am241_EMB201/74,1_kaiser,,,,
1983.41935484,2.64516129,0,0,1_kaiser_1_am241_EMB201/74,1_kaiser,,,,
1980.83870968,3.29032258,0,0,1_kaiser_1_am241_EMB201/74,1_kaiser,,,,
1978.25806452,3.93548387,0,0,1_kaiser_1_am241_EMB201/74,1_kaiser,,,,
1975.92307692,4,0,0,1_kaiser_1_am241_EMB201/74,1_kaiser,,,,
1973.61538462,4,0,0,1_kaiser_1_am241_EMB201/74,1_kaiser,,,,
1971.45454545,4,1.3861304317,0.9009847806,1_kaiser_1_am241_EMB201/74,1_kaiser,,,,
1968.8,4,3.1326180223,1.0964163078,1_kaiser_1_am241_EMB201/74,1_kaiser,,,,
1965.5,4,4.8339573651,1.2084893413,1_kaiser_1_am241_EMB201/74,1_kaiser,,,,
1962.9629629615,3.9999999985,8.4279489161,1.0956333591,1_kaiser_1_am241_EMB201/74,1_kaiser,,,,
1959.50617284,4,4.9363629104,1.2834543567,1_kaiser_1_am241_EMB201/74,1_kaiser,,,,
1956.049382718,4.000000002,2.5429627907,1.1443332558,1_kaiser_1_am241_EMB201/74,1_kaiser,,,,
1953.4567901233,3.9999999998,1.0044776952,0.7533582714,1_kaiser_1_am241_EMB201/74,1_kaiser,,,,
1951.728395062,4,0,0,1_kaiser_1_am241_EMB201/74,1_kaiser,,,,
1950,4,0,0,1_kaiser_1_am241_EMB201/74,1_kaiser,,,,
1946.6666666667,4.2352941177,0,0,1_kaiser_1_am241_EMB201/74,1_kaiser,,,,
1943.3333333345,4.4705882345,0,0,1_kaiser_1_am241_EMB201/74,1_kaiser,,,,
1940.0000000015,4.7058823515,0,0,1_kaiser_1_am241_EMB201/74,1_kaiser,,,,
1936.6666666685,4.9411764685,0,0,1_kaiser_1_am241_EMB201/74,1_kaiser,,,,
1933.333333335,5.176470585,0,0,1_kaiser_1_am241_EMB201/74,1_kaiser,,,,
1930,5.41176471,0,0,1_kaiser_1_am241_EMB201/74,1_kaiser,,,,
1926.666666665,5.647058825,NA,NA,1_kaiser_1_am241_EMB201/74,1_kaiser,,,,
1923.33333333,5.88235294,0.7330516125,0.3225427095,1_kaiser_1_am241_EMB201/74,1_kaiser,,,,
1920,6.11764706,NA,NA,1_kaiser_1_am241_EMB201/74,1_kaiser,,,,
1916.666666665,6.352941175,0.5085411381,0.4322599674,1_kaiser_1_am241_EMB201/74,1_kaiser,,,,
1913.333333335,6.588235295,NA,NA,1_kaiser_1_am241_EMB201/74,1_kaiser,,,,
1910,6.82352941,0,0,1_kaiser_1_am241_EMB201/74,1_kaiser,,,,
1906.66666667,7.05882353,NA,NA,1_kaiser_1_am241_EMB201/74,1_kaiser,,,,
1903.333333335,7.294117645,0,0,1_kaiser_1_am241_EMB201/74,1_kaiser,,,,
1900,7.52941176,NA,NA,1_kaiser_1_am241_EMB201/74,1_kaiser,,,,
1896.666666665,7.764705885,0,0,1_kaiser_1_am241_EMB201/74,1_kaiser,,,,
1893.33333333,8,NA,NA,1_kaiser_1_am241_EMB201/74,1_kaiser,,,,
1890,8.23529412,0.443550279,0.3770177372,1_kaiser_1_am241_EMB201/74,1_kaiser,,,,
1886.666666665,8.470588235,NA,NA,1_kaiser_1_am241_EMB201/74,1_kaiser,,,,
1883.333333335,8.705882355,0.2374733139,0.2018523168,1_kaiser_1_am241_EMB201/74,1_kaiser,,,,
1880,8.94117647,NA,NA,1_kaiser_1_am241_EMB201/74,1_kaiser,,,,
1876.666666665,9.176470585,0,0,1_kaiser_1_am241_EMB201/74,1_kaiser,,,,
1873.333333335,9.411764705,NA,NA,1_kaiser_1_am241_EMB201/74,1_kaiser,,,,
1870,9.64705882,0,0,1_kaiser_1_am241_EMB201/74,1_kaiser,,,,
1866.66666667,9.88235294,NA,NA,1_kaiser_1_am241_EMB201/74,1_kaiser,,,,
1863.33104211,10,0,0,1_kaiser_1_am241_EMB201/74,1_kaiser,,,,
1859.99312631,10.00000001,NA,NA,1_kaiser_1_am241_EMB201/74,1_kaiser,,,,
1856.655210515,10.000000015,0,0,1_kaiser_1_am241_EMB201/74,1_kaiser,,,,
1853.31729472,10.00000002,NA,NA,1_kaiser_1_am241_EMB201/74,1_kaiser,,,,
1849.979378925,10.000000025,0,0,1_kaiser_1_am241_EMB201/74,1_kaiser,,,,
1846.64146318,9.99999998,NA,NA,1_kaiser_1_am241_EMB201/74,1_kaiser,,,,
1843.303547385,9.999999985,0,0,1_kaiser_1_am241_EMB201/74,1_kaiser,,,,
1839.9656316,10,NA,NA,1_kaiser_1_am241_EMB201/74,1_kaiser,,,,
2016.666666665,0.666666665,NA,NA,1_kaiser_2_239240pu_EMB201/74,1_kaiser,,,,cp3 continuous
2014,1,NA,NA,1_kaiser_2_239240pu_EMB201/74,1_kaiser,,,,
2012.16666667,1,NA,NA,1_kaiser_2_239240pu_EMB201/74,1_kaiser,,,,
2010.33333333,1,NA,NA,1_kaiser_2_239240pu_EMB201/74,1_kaiser,,,,
2008.5,1,NA,NA,1_kaiser_2_239240pu_EMB201/74,1_kaiser,,,,
2006.66666667,1,NA,NA,1_kaiser_2_239240pu_EMB201/74,1_kaiser,,,,
2004.83333333,1,NA,NA,1_kaiser_2_239240pu_EMB201/74,1_kaiser,,,,
2003,1,NA,NA,1_kaiser_2_239240pu_EMB201/74,1_kaiser,,,,
2001.2,1.2,NA,NA,1_kaiser_2_239240pu_EMB201/74,1_kaiser,,,,
1999.4,1.4,NA,NA,1_kaiser_2_239240pu_EMB201/74,1_kaiser,,,,
1997.6,1.6,0.00245,0.00045,1_kaiser_2_239240pu_EMB201/74,1_kaiser,,,,
1995.8,1.8,NA,NA,1_kaiser_2_239240pu_EMB201/74,1_kaiser,,,,
1994,2,NA,NA,1_kaiser_2_239240pu_EMB201/74,1_kaiser,,,,
1991.33333333,2,0.00208,0.00039,1_kaiser_2_239240pu_EMB201/74,1_kaiser,,,,
1988.66666667,2,NA,NA,1_kaiser_2_239240pu_EMB201/74,1_kaiser,,,,
1986,2,0.00531,0.00083,1_kaiser_2_239240pu_EMB201/74,1_kaiser,,,,
1983.41935484,2.64516129,NA,NA,1_kaiser_2_239240pu_EMB201/74,1_kaiser,,,,
1980.83870968,3.29032258,0.00353,0.00058,1_kaiser_2_239240pu_EMB201/74,1_kaiser,,,,
1978.25806452,3.93548387,0.00538,0.00083,1_kaiser_2_239240pu_EMB201/74,1_kaiser,,,,
1975.92307692,4,NA,NA,1_kaiser_2_239240pu_EMB201/74,1_kaiser,,,,
1973.61538462,4,0.00575,0.00085,1_kaiser_2_239240pu_EMB201/74,1_kaiser,,,,
1971.45454545,4,0.00703,0.00101,1_kaiser_2_239240pu_EMB201/74,1_kaiser,,,,
1968.8,4,0.00675,0.00101,1_kaiser_2_239240pu_EMB201/74,1_kaiser,,,,
1965.5,4,0.01048,0.0015,1_kaiser_2_239240pu_EMB201/74,1_kaiser,,,,
1962.9629629615,3.9999999985,0.02475,0.00318,1_kaiser_2_239240pu_EMB201/74,1_kaiser,,,,
1959.50617284,4,0.01276,0.00188,1_kaiser_2_239240pu_EMB201/74,1_kaiser,,,,
1956.049382718,4.000000002,0.00544,0.00092,1_kaiser_2_239240pu_EMB201/74,1_kaiser,,,,
1953.4567901233,3.9999999998,0.00133,0.00032,1_kaiser_2_239240pu_EMB201/74,1_kaiser,,,,
1951.728395062,4,0.00045,0.00017,1_kaiser_2_239240pu_EMB201/74,1_kaiser,,,,
1950,4,0.0015,0.00035,1_kaiser_2_239240pu_EMB201/74,1_kaiser,,,,
1946.6666666667,4.2352941177,0.00031,0.00014,1_kaiser_2_239240pu_EMB201/74,1_kaiser,,,,
1943.3333333345,4.4705882345,0.00018,0.00011,1_kaiser_2_239240pu_EMB201/74,1_kaiser,,,,
1940.0000000015,4.7058823515,0.00018,0.0001,1_kaiser_2_239240pu_EMB201/74,1_kaiser,,,,
1936.6666666685,4.9411764685,0.0002,0.00011,1_kaiser_2_239240pu_EMB201/74,1_kaiser,,,,
1933.333333335,5.176470585,0.00018,0.0001,1_kaiser_2_239240pu_EMB201/74,1_kaiser,,,,
1930,5.41176471,NA,NA,1_kaiser_2_239240pu_EMB201/74,1_kaiser,,,,
1926.666666665,5.647058825,NA,NA,1_kaiser_2_239240pu_EMB201/74,1_kaiser,,,,
1923.33333333,5.88235294,NA,NA,1_kaiser_2_239240pu_EMB201/74,1_kaiser,,,,
1920,6.11764706,NA,NA,1_kaiser_2_239240pu_EMB201/74,1_kaiser,,,,
1916.666666665,6.352941175,NA,NA,1_kaiser_2_239240pu_EMB201/74,1_kaiser,,,,
1913.333333335,6.588235295,NA,NA,1_kaiser_2_239240pu_EMB201/74,1_kaiser,,,,
1910,6.82352941,NA,NA,1_kaiser_2_239240pu_EMB201/74,1_kaiser,,,,
1906.66666667,7.05882353,NA,NA,1_kaiser_2_239240pu_EMB201/74,1_kaiser,,,,
1903.333333335,7.294117645,NA,NA,1_kaiser_2_239240pu_EMB201/74,1_kaiser,,,,
1900,7.52941176,NA,NA,1_kaiser_2_239240pu_EMB201/74,1_kaiser,,,,
1896.666666665,7.764705885,NA,NA,1_kaiser_2_239240pu_EMB201/74,1_kaiser,,,,
1893.33333333,8,NA,NA,1_kaiser_2_239240pu_EMB201/74,1_kaiser,,,,
1890,8.23529412,NA,NA,1_kaiser_2_239240pu_EMB201/74,1_kaiser,,,,
1886.666666665,8.470588235,NA,NA,1_kaiser_2_239240pu_EMB201/74,1_kaiser,,,,
1883.333333335,8.705882355,NA,NA,1_kaiser_2_239240pu_EMB201/74,1_kaiser,,,,
1880,8.94117647,NA,NA,1_kaiser_2_239240pu_EMB201/74,1_kaiser,,,,
1876.666666665,9.176470585,NA,NA,1_kaiser_2_239240pu_EMB201/74,1_kaiser,,,,
1873.333333335,9.411764705,NA,NA,1_kaiser_2_239240pu_EMB201/74,1_kaiser,,,,
1870,9.64705882,NA,NA,1_kaiser_2_239240pu_EMB201/74,1_kaiser,,,,
1866.66666667,9.88235294,NA,NA,1_kaiser_2_239240pu_EMB201/74,1_kaiser,,,,
1863.33104211,10,NA,NA,1_kaiser_2_239240pu_EMB201/74,1_kaiser,,,,
1859.99312631,10.00000001,NA,NA,1_kaiser_2_239240pu_EMB201/74,1_kaiser,,,,
1856.655210515,10.000000015,NA,NA,1_kaiser_2_239240pu_EMB201/74,1_kaiser,,,,
1853.31729472,10.00000002,NA,NA,1_kaiser_2_239240pu_EMB201/74,1_kaiser,,,,
1849.979378925,10.000000025,NA,NA,1_kaiser_2_239240pu_EMB201/74,1_kaiser,,,,
1846.64146318,9.99999998,NA,NA,1_kaiser_2_239240pu_EMB201/74,1_kaiser,,,,
1843.303547385,9.999999985,NA,NA,1_kaiser_2_239240pu_EMB201/74,1_kaiser,,,,
1839.9656316,10,NA,NA,1_kaiser_2_239240pu_EMB201/74,1_kaiser,,,,
2016.666666665,0.666666665,1891.5503513219,NA,1_kaiser_3_SCP_EMB201/74,1_kaiser,,,,cp2 continuous
2014,1,1371.1471057443,NA,1_kaiser_3_SCP_EMB201/74,1_kaiser,,,,
2012.16666667,1,NA,NA,1_kaiser_3_SCP_EMB201/74,1_kaiser,,,,
2010.33333333,1,NA,NA,1_kaiser_3_SCP_EMB201/74,1_kaiser,,,,
2008.5,1,NA,NA,1_kaiser_3_SCP_EMB201/74,1_kaiser,,,,
2006.66666667,1,NA,NA,1_kaiser_3_SCP_EMB201/74,1_kaiser,,,,
2004.83333333,1,NA,NA,1_kaiser_3_SCP_EMB201/74,1_kaiser,,,,
2003,1,NA,NA,1_kaiser_3_SCP_EMB201/74,1_kaiser,,,,
2001.2,1.2,NA,NA,1_kaiser_3_SCP_EMB201/74,1_kaiser,,,,
1999.4,1.4,NA,NA,1_kaiser_3_SCP_EMB201/74,1_kaiser,,,,
1997.6,1.6,3056.8084484359,NA,1_kaiser_3_SCP_EMB201/74,1_kaiser,,,,
1995.8,1.8,1721.988712173,NA,1_kaiser_3_SCP_EMB201/74,1_kaiser,,,,
1994,2,4123.1166327181,NA,1_kaiser_3_SCP_EMB201/74,1_kaiser,,,,
1991.33333333,2,3751.2172107946,NA,1_kaiser_3_SCP_EMB201/74,1_kaiser,,,,
1988.66666667,2,3158.7434917541,NA,1_kaiser_3_SCP_EMB201/74,1_kaiser,,,,
1986,2,4774.2141587855,NA,1_kaiser_3_SCP_EMB201/74,1_kaiser,,,,
1983.41935484,2.64516129,7737.5371563423,NA,1_kaiser_3_SCP_EMB201/74,1_kaiser,,,,
1980.83870968,3.29032258,7320.8855861918,NA,1_kaiser_3_SCP_EMB201/74,1_kaiser,,,,
1978.25806452,3.93548387,5528.9820135016,NA,1_kaiser_3_SCP_EMB201/74,1_kaiser,,,,
1975.92307692,4,4247.0921366009,NA,1_kaiser_3_SCP_EMB201/74,1_kaiser,,,,
1973.61538462,4,5420.0162997334,NA,1_kaiser_3_SCP_EMB201/74,1_kaiser,,,,
1971.45454545,4,5436.3158741221,NA,1_kaiser_3_SCP_EMB201/74,1_kaiser,,,,
1968.8,4,4191.3118231342,NA,1_kaiser_3_SCP_EMB201/74,1_kaiser,,,,
1965.5,4,4732.0706180114,NA,1_kaiser_3_SCP_EMB201/74,1_kaiser,,,,
1962.9629629615,3.9999999985,4331.2876016567,NA,1_kaiser_3_SCP_EMB201/74,1_kaiser,,,,
1959.50617284,4,4348.3813373341,NA,1_kaiser_3_SCP_EMB201/74,1_kaiser,,,,
1956.049382718,4.000000002,3402.2609258256,NA,1_kaiser_3_SCP_EMB201/74,1_kaiser,,,,
1953.4567901233,3.9999999998,1145.0265210328,NA,1_kaiser_3_SCP_EMB201/74,1_kaiser,,,,
1951.728395062,4,657.9251986518,NA,1_kaiser_3_SCP_EMB201/74,1_kaiser,,,,
1950,4,365.1785757396,NA,1_kaiser_3_SCP_EMB201/74,1_kaiser,,,,
1946.6666666667,4.2352941177,469.2793347706,NA,1_kaiser_3_SCP_EMB201/74,1_kaiser,,,,
1943.3333333345,4.4705882345,0,NA,1_kaiser_3_SCP_EMB201/74,1_kaiser,,,,
1940.0000000015,4.7058823515,0,NA,1_kaiser_3_SCP_EMB201/74,1_kaiser,,,,
1936.6666666685,4.9411764685,724.9128677333,NA,1_kaiser_3_SCP_EMB201/74,1_kaiser,,,,
1933.333333335,5.176470585,376.9813048254,NA,1_kaiser_3_SCP_EMB201/74,1_kaiser,,,,
1930,5.41176471,0,NA,1_kaiser_3_SCP_EMB201/74,1_kaiser,,,,
1926.666666665,5.647058825,0,NA,1_kaiser_3_SCP_EMB201/74,1_kaiser,,,,
1923.33333333,5.88235294,363.3957978048,NA,1_kaiser_3_SCP_EMB201/74,1_kaiser,,,,
1920,6.11764706,1241.315147905,NA,1_kaiser_3_SCP_EMB201/74,1_kaiser,,,,
1916.666666665,6.352941175,0,NA,1_kaiser_3_SCP_EMB201/74,1_kaiser,,,,
1913.333333335,6.588235295,382.3845904341,NA,1_kaiser_3_SCP_EMB201/74,1_kaiser,,,,
1910,6.82352941,0,NA,1_kaiser_3_SCP_EMB201/74,1_kaiser,,,,
1906.66666667,7.05882353,0,NA,1_kaiser_3_SCP_EMB201/74,1_kaiser,,,,
1903.333333335,7.294117645,0,NA,1_kaiser_3_SCP_EMB201/74,1_kaiser,,,,
1900,7.52941176,0,NA,1_kaiser_3_SCP_EMB201/74,1_kaiser,,,,
1896.666666665,7.764705885,364.1962976987,NA,1_kaiser_3_SCP_EMB201/74,1_kaiser,,,,
1893.33333333,8,0,NA,1_kaiser_3_SCP_EMB201/74,1_kaiser,,,,
1890,8.23529412,0,NA,1_kaiser_3_SCP_EMB201/74,1_kaiser,,,,
1886.666666665,8.470588235,0,NA,1_kaiser_3_SCP_EMB201/74,1_kaiser,,,,
1883.333333335,8.705882355,0,NA,1_kaiser_3_SCP_EMB201/74,1_kaiser,,,,
1880,8.94117647,0,NA,1_kaiser_3_SCP_EMB201/74,1_kaiser,,,,
1876.666666665,9.176470585,0,NA,1_kaiser_3_SCP_EMB201/74,1_kaiser,,,,
1873.333333335,9.411764705,0,NA,1_kaiser_3_SCP_EMB201/74,1_kaiser,,,,
1870,9.64705882,0,NA,1_kaiser_3_SCP_EMB201/74,1_kaiser,,,,
1866.66666667,9.88235294,0,NA,1_kaiser_3_SCP_EMB201/74,1_kaiser,,,,
1863.33104211,10,0,NA,1_kaiser_3_SCP_EMB201/74,1_kaiser,,,,
1859.99312631,10.00000001,0,NA,1_kaiser_3_SCP_EMB201/74,1_kaiser,,,,
1856.655210515,10.000000015,0,NA,1_kaiser_3_SCP_EMB201/74,1_kaiser,,,,
1853.31729472,10.00000002,0,NA,1_kaiser_3_SCP_EMB201/74,1_kaiser,,,,
1849.979378925,10.000000025,0,NA,1_kaiser_3_SCP_EMB201/74,1_kaiser,,,,
1846.64146318,9.99999998,0,NA,1_kaiser_3_SCP_EMB201/74,1_kaiser,,,,
1843.303547385,9.999999985,0,NA,1_kaiser_3_SCP_EMB201/74,1_kaiser,,,,
1839.9656316,10,0,NA,1_kaiser_3_SCP_EMB201/74,1_kaiser,,,,
2016.666666665,0.666666665,17.3055910243,NA,1_kaiser_4_TOC_EMB201/74,1_kaiser,,,,cp1 continuous
2014,1,17.545600948,NA,1_kaiser_4_TOC_EMB201/74,1_kaiser,,,,
2012.16666667,1,16.6318771441,NA,1_kaiser_4_TOC_EMB201/74,1_kaiser,,,,
2010.33333333,1,16.168287227,NA,1_kaiser_4_TOC_EMB201/74,1_kaiser,,,,
2008.5,1,15.6044456803,NA,1_kaiser_4_TOC_EMB201/74,1_kaiser,,,,
2006.66666667,1,15.7505267516,NA,1_kaiser_4_TOC_EMB201/74,1_kaiser,,,,
2004.83333333,1,14.3787705326,NA,1_kaiser_4_TOC_EMB201/74,1_kaiser,,,,
2003,1,12.44,NA,1_kaiser_4_TOC_EMB201/74,1_kaiser,,,,
2001.2,1.2,12.6426561956,NA,1_kaiser_4_TOC_EMB201/74,1_kaiser,,,,
1999.4,1.4,12.242517003,NA,1_kaiser_4_TOC_EMB201/74,1_kaiser,,,,
1997.6,1.6,12.2356330578,NA,1_kaiser_4_TOC_EMB201/74,1_kaiser,,,,
1995.8,1.8,10.8482943822,NA,1_kaiser_4_TOC_EMB201/74,1_kaiser,,,,
1994,2,11.876334892,NA,1_kaiser_4_TOC_EMB201/74,1_kaiser,,,,
1991.33333333,2,11.7404301981,NA,1_kaiser_4_TOC_EMB201/74,1_kaiser,,,,
1988.66666667,2,11.2257993224,NA,1_kaiser_4_TOC_EMB201/74,1_kaiser,,,,
1986,2,11.690669931,NA,1_kaiser_4_TOC_EMB201/74,1_kaiser,,,,
1983.41935484,2.64516129,10.6711149206,NA,1_kaiser_4_TOC_EMB201/74,1_kaiser,,,,
1980.83870968,3.29032258,10.1368070803,NA,1_kaiser_4_TOC_EMB201/74,1_kaiser,,,,
1978.25806452,3.93548387,10.416796314,NA,1_kaiser_4_TOC_EMB201/74,1_kaiser,,,,
1975.92307692,4,9.0078868968,NA,1_kaiser_4_TOC_EMB201/74,1_kaiser,,,,
1973.61538462,4,10.0443115611,NA,1_kaiser_4_TOC_EMB201/74,1_kaiser,,,,
1971.45454545,4,7.8946998961,NA,1_kaiser_4_TOC_EMB201/74,1_kaiser,,,,
1968.8,4,6.8186260772,NA,1_kaiser_4_TOC_EMB201/74,1_kaiser,,,,
1965.5,4,5.931003841,NA,1_kaiser_4_TOC_EMB201/74,1_kaiser,,,,
1962.9629629615,3.9999999985,6.8629578974,NA,1_kaiser_4_TOC_EMB201/74,1_kaiser,,,,
1959.50617284,4,7.8226496833,NA,1_kaiser_4_TOC_EMB201/74,1_kaiser,,,,
1956.049382718,4.000000002,4.6194493295,NA,1_kaiser_4_TOC_EMB201/74,1_kaiser,,,,
1953.4567901233,3.9999999998,NA,NA,1_kaiser_4_TOC_EMB201/74,1_kaiser,,,,
1951.728395062,4,3.8112373192,NA,1_kaiser_4_TOC_EMB201/74,1_kaiser,,,,
1950,4,3.7347435834,NA,1_kaiser_4_TOC_EMB201/74,1_kaiser,,,,
1946.6666666667,4.2352941177,3.4610909747,NA,1_kaiser_4_TOC_EMB201/74,1_kaiser,,,,
1943.3333333345,4.4705882345,3.3469790015,NA,1_kaiser_4_TOC_EMB201/74,1_kaiser,,,,
1940.0000000015,4.7058823515,3.3898392645,NA,1_kaiser_4_TOC_EMB201/74,1_kaiser,,,,
1936.6666666685,4.9411764685,3.426035954,NA,1_kaiser_4_TOC_EMB201/74,1_kaiser,,,,
1933.333333335,5.176470585,3.4011866032,NA,1_kaiser_4_TOC_EMB201/74,1_kaiser,,,,
1930,5.41176471,3.4192734243,NA,1_kaiser_4_TOC_EMB201/74,1_kaiser,,,,
1926.666666665,5.647058825,3.4659194699,NA,1_kaiser_4_TOC_EMB201/74,1_kaiser,,,,
1923.33333333,5.88235294,3.6016812964,NA,1_kaiser_4_TOC_EMB201/74,1_kaiser,,,,
1920,6.11764706,3.6269806779,NA,1_kaiser_4_TOC_EMB201/74,1_kaiser,,,,
1916.666666665,6.352941175,3.4800066682,NA,1_kaiser_4_TOC_EMB201/74,1_kaiser,,,,
1913.333333335,6.588235295,3.4259323715,NA,1_kaiser_4_TOC_EMB201/74,1_kaiser,,,,
1910,6.82352941,3.4100807689,NA,1_kaiser_4_TOC_EMB201/74,1_kaiser,,,,
1906.66666667,7.05882353,3.3715465971,NA,1_kaiser_4_TOC_EMB201/74,1_kaiser,,,,
1903.333333335,7.294117645,3.3113701918,NA,1_kaiser_4_TOC_EMB201/74,1_kaiser,,,,
1900,7.52941176,3.2788798877,NA,1_kaiser_4_TOC_EMB201/74,1_kaiser,,,,
1896.666666665,7.764705885,3.3118603761,NA,1_kaiser_4_TOC_EMB201/74,1_kaiser,,,,
1893.33333333,8,3.3102634782,NA,1_kaiser_4_TOC_EMB201/74,1_kaiser,,,,
1890,8.23529412,3.2619590915,NA,1_kaiser_4_TOC_EMB201/74,1_kaiser,,,,
1886.666666665,8.470588235,3.2374026802,NA,1_kaiser_4_TOC_EMB201/74,1_kaiser,,,,
1883.333333335,8.705882355,3.2697091218,NA,1_kaiser_4_TOC_EMB201/74,1_kaiser,,,,
1880,8.94117647,3.3174465569,NA,1_kaiser_4_TOC_EMB201/74,1_kaiser,,,,
1876.666666665,9.176470585,3.3234986521,NA,1_kaiser_4_TOC_EMB201/74,1_kaiser,,,,
1873.333333335,9.411764705,3.3903909437,NA,1_kaiser_4_TOC_EMB201/74,1_kaiser,,,,
1870,9.64705882,3.4292822786,NA,1_kaiser_4_TOC_EMB201/74,1_kaiser,,,,
1866.66666667,9.88235294,3.4376853026,NA,1_kaiser_4_TOC_EMB201/74,1_kaiser,,,,
1863.33104211,10,3.4041281596,NA,1_kaiser_4_TOC_EMB201/74,1_kaiser,,,,
1859.99312631,10.00000001,3.4411389272,NA,1_kaiser_4_TOC_EMB201/74,1_kaiser,,,,
1856.655210515,10.000000015,3.4540431904,NA,1_kaiser_4_TOC_EMB201/74,1_kaiser,,,,
1853.31729472,10.00000002,3.5329221542,NA,1_kaiser_4_TOC_EMB201/74,1_kaiser,,,,
1849.979378925,10.000000025,3.6009497326,NA,1_kaiser_4_TOC_EMB201/74,1_kaiser,,,,
1846.64146318,9.99999998,3.5943425304,NA,1_kaiser_4_TOC_EMB201/74,1_kaiser,,,,
1843.303547385,9.999999985,3.7334578142,NA,1_kaiser_4_TOC_EMB201/74,1_kaiser,,,,
1839.9656316,10,3.6813760357,NA,1_kaiser_4_TOC_EMB201/74,1_kaiser,,,,
2016.666666665,0.666666665,-16.4221512964,NA,1_kaiser_5_C13orgcorr_EMB201/74,1_kaiser,,,,cp1 continuous
2014,1,-16.7793100387,NA,1_kaiser_5_C13orgcorr_EMB201/74,1_kaiser,,,,
2012.16666667,1,-17.0084037608,NA,1_kaiser_5_C13orgcorr_EMB201/74,1_kaiser,,,,
2010.33333333,1,-17.0245285352,NA,1_kaiser_5_C13orgcorr_EMB201/74,1_kaiser,,,,
2008.5,1,-17.0117101721,NA,1_kaiser_5_C13orgcorr_EMB201/74,1_kaiser,,,,
2006.66666667,1,-16.9469744828,NA,1_kaiser_5_C13orgcorr_EMB201/74,1_kaiser,,,,
2004.83333333,1,-16.919347279,NA,1_kaiser_5_C13orgcorr_EMB201/74,1_kaiser,,,,
2003,1,-16.7018543708,NA,1_kaiser_5_C13orgcorr_EMB201/74,1_kaiser,,,,
2001.2,1.2,-16.6133257088,NA,1_kaiser_5_C13orgcorr_EMB201/74,1_kaiser,,,,
1999.4,1.4,-17.0070478796,NA,1_kaiser_5_C13orgcorr_EMB201/74,1_kaiser,,,,
1997.6,1.6,-17.1720453116,NA,1_kaiser_5_C13orgcorr_EMB201/74,1_kaiser,,,,
1995.8,1.8,-17.1553424335,NA,1_kaiser_5_C13orgcorr_EMB201/74,1_kaiser,,,,
1994,2,-16.6059636739,NA,1_kaiser_5_C13orgcorr_EMB201/74,1_kaiser,,,,
1991.33333333,2,-16.4377815704,NA,1_kaiser_5_C13orgcorr_EMB201/74,1_kaiser,,,,
1988.66666667,2,-17.3280543091,NA,1_kaiser_5_C13orgcorr_EMB201/74,1_kaiser,,,,
1986,2,-17.6338613213,NA,1_kaiser_5_C13orgcorr_EMB201/74,1_kaiser,,,,
1983.41935484,2.64516129,-17.9939656694,NA,1_kaiser_5_C13orgcorr_EMB201/74,1_kaiser,,,,
1980.83870968,3.29032258,-18.0759706573,NA,1_kaiser_5_C13orgcorr_EMB201/74,1_kaiser,,,,
1978.25806452,3.93548387,-17.4859482739,NA,1_kaiser_5_C13orgcorr_EMB201/74,1_kaiser,,,,
1975.92307692,4,-17.7501917749,NA,1_kaiser_5_C13orgcorr_EMB201/74,1_kaiser,,,,
1973.61538462,4,-18.1844527526,NA,1_kaiser_5_C13orgcorr_EMB201/74,1_kaiser,,,,
1971.45454545,4,-17.9712748251,NA,1_kaiser_5_C13orgcorr_EMB201/74,1_kaiser,,,,
1968.8,4,-17.4863735067,NA,1_kaiser_5_C13orgcorr_EMB201/74,1_kaiser,,,,
1965.5,4,-17.8261506829,NA,1_kaiser_5_C13orgcorr_EMB201/74,1_kaiser,,,,
1962.9629629615,3.9999999985,-18.08682208,NA,1_kaiser_5_C13orgcorr_EMB201/74,1_kaiser,,,,
1959.50617284,4,-18.1038555106,NA,1_kaiser_5_C13orgcorr_EMB201/74,1_kaiser,,,,
1956.049382718,4.000000002,-18.60452475,NA,1_kaiser_5_C13orgcorr_EMB201/74,1_kaiser,,,,
1953.4567901233,3.9999999998,NA,NA,1_kaiser_5_C13orgcorr_EMB201/74,1_kaiser,,,,
1951.728395062,4,-19.4374877427,NA,1_kaiser_5_C13orgcorr_EMB201/74,1_kaiser,,,,
1950,4,-19.567715,NA,1_kaiser_5_C13orgcorr_EMB201/74,1_kaiser,,,,
1946.6666666667,4.2352941177,-19.506712723,NA,1_kaiser_5_C13orgcorr_EMB201/74,1_kaiser,,,,
1943.3333333345,4.4705882345,-19.3412499837,NA,1_kaiser_5_C13orgcorr_EMB201/74,1_kaiser,,,,
1940.0000000015,4.7058823515,-19.56548192,NA,1_kaiser_5_C13orgcorr_EMB201/74,1_kaiser,,,,
1936.6666666685,4.9411764685,-19.7235636696,NA,1_kaiser_5_C13orgcorr_EMB201/74,1_kaiser,,,,
1933.333333335,5.176470585,-19.6356503704,NA,1_kaiser_5_C13orgcorr_EMB201/74,1_kaiser,,,,
1930,5.41176471,-19.82489716,NA,1_kaiser_5_C13orgcorr_EMB201/74,1_kaiser,,,,
1926.666666665,5.647058825,-19.8564591763,NA,1_kaiser_5_C13orgcorr_EMB201/74,1_kaiser,,,,
1923.33333333,5.88235294,-19.9724915571,NA,1_kaiser_5_C13orgcorr_EMB201/74,1_kaiser,,,,
1920,6.11764706,-20.16014944,NA,1_kaiser_5_C13orgcorr_EMB201/74,1_kaiser,,,,
1916.666666665,6.352941175,-19.968587963,NA,1_kaiser_5_C13orgcorr_EMB201/74,1_kaiser,,,,
1913.333333335,6.588235295,-19.9479622637,NA,1_kaiser_5_C13orgcorr_EMB201/74,1_kaiser,,,,
1910,6.82352941,-19.95542748,NA,1_kaiser_5_C13orgcorr_EMB201/74,1_kaiser,,,,
1906.66666667,7.05882353,-19.8471387496,NA,1_kaiser_5_C13orgcorr_EMB201/74,1_kaiser,,,,
1903.333333335,7.294117645,-19.8882512104,NA,1_kaiser_5_C13orgcorr_EMB201/74,1_kaiser,,,,
1900,7.52941176,-19.74792,NA,1_kaiser_5_C13orgcorr_EMB201/74,1_kaiser,,,,
1896.666666665,7.764705885,-19.8563002563,NA,1_kaiser_5_C13orgcorr_EMB201/74,1_kaiser,,,,
1893.33333333,8,-19.813547117,NA,1_kaiser_5_C13orgcorr_EMB201/74,1_kaiser,,,,
1890,8.23529412,-19.67981572,NA,1_kaiser_5_C13orgcorr_EMB201/74,1_kaiser,,,,
1886.666666665,8.470588235,-19.565261203,NA,1_kaiser_5_C13orgcorr_EMB201/74,1_kaiser,,,,
1883.333333335,8.705882355,-19.7200387037,NA,1_kaiser_5_C13orgcorr_EMB201/74,1_kaiser,,,,
1880,8.94117647,-19.59430336,NA,1_kaiser_5_C13orgcorr_EMB201/74,1_kaiser,,,,
1876.666666665,9.176470585,-19.5582103096,NA,1_kaiser_5_C13orgcorr_EMB201/74,1_kaiser,,,,
1873.333333335,9.411764705,-19.7119146904,NA,1_kaiser_5_C13orgcorr_EMB201/74,1_kaiser,,,,
1870,9.64705882,-19.62557164,NA,1_kaiser_5_C13orgcorr_EMB201/74,1_kaiser,,,,
1866.66666667,9.88235294,-19.4493362963,NA,1_kaiser_5_C13orgcorr_EMB201/74,1_kaiser,,,,
1863.33104211,10,-19.8833666914,NA,1_kaiser_5_C13orgcorr_EMB201/74,1_kaiser,,,,
1859.99312631,10.00000001,-19.7078189859,NA,1_kaiser_5_C13orgcorr_EMB201/74,1_kaiser,,,,
1856.655210515,10.000000015,-19.712846298,NA,1_kaiser_5_C13orgcorr_EMB201/74,1_kaiser,,,,
1853.31729472,10.00000002,-19.9186044063,NA,1_kaiser_5_C13orgcorr_EMB201/74,1_kaiser,,,,
1849.979378925,10.000000025,-20.1302490892,NA,1_kaiser_5_C13orgcorr_EMB201/74,1_kaiser,,,,
1846.64146318,9.99999998,-19.914936125,NA,1_kaiser_5_C13orgcorr_EMB201/74,1_kaiser,,,,
1843.303547385,9.999999985,-19.8408212926,NA,1_kaiser_5_C13orgcorr_EMB201/74,1_kaiser,,,,
1839.9656316,10,-20.3270603701,NA,1_kaiser_5_C13orgcorr_EMB201/74,1_kaiser,,,,
2019.0780060883,1,0.0006792756,NA,2_kuwae_1_239240Pu_BMC19S12,2_kuwae,,,,cp4 continuous?
2017.0942028986,1,0.0006713666,NA,2_kuwae_1_239240Pu_BMC19S12,2_kuwae,,,,
2015.9347826087,1,0.0006574043,NA,2_kuwae_1_239240Pu_BMC19S12,2_kuwae,,,,
2014.7753623188,1,0.0007383076,NA,2_kuwae_1_239240Pu_BMC19S12,2_kuwae,,,,
2013.615942029,1,0.0007337687,NA,2_kuwae_1_239240Pu_BMC19S12,2_kuwae,,,,
2010.3441558442,1,0.0007811799,NA,2_kuwae_1_239240Pu_BMC19S12,2_kuwae,,,,
2005.6688311688,1,0.0007154339,NA,2_kuwae_1_239240Pu_BMC19S12,2_kuwae,,,,
2003.6911764706,1,0.0006679078,NA,2_kuwae_1_239240Pu_BMC19S12,2_kuwae,,,,
2000.4558823529,2,0.0007875679,NA,2_kuwae_1_239240Pu_BMC19S12,2_kuwae,,,,
1997.2205882353,2,0.000922132,NA,2_kuwae_1_239240Pu_BMC19S12,2_kuwae,,,,
1993.8707865169,2,0.0008021933,NA,2_kuwae_1_239240Pu_BMC19S12,2_kuwae,,,,
1992.6348314607,2,0.0009356303,NA,2_kuwae_1_239240Pu_BMC19S12,2_kuwae,,,,
1991.3988764045,2,0.0010783814,NA,2_kuwae_1_239240Pu_BMC19S12,2_kuwae,,,,
1990.1629213483,3,0.0014422159,NA,2_kuwae_1_239240Pu_BMC19S12,2_kuwae,,,,
1988.9269662921,3,0.0010221859,NA,2_kuwae_1_239240Pu_BMC19S12,2_kuwae,,,,
1987.691011236,3,0.0011803729,NA,2_kuwae_1_239240Pu_BMC19S12,2_kuwae,,,,
1985.2191011236,3,0.0014032628,NA,2_kuwae_1_239240Pu_BMC19S12,2_kuwae,,,,
1982.7471910112,3,0.0015012965,NA,2_kuwae_1_239240Pu_BMC19S12,2_kuwae,,,,
1982.5,3,0.0017239737,NA,2_kuwae_1_239240Pu_BMC19S12,2_kuwae,,,,
1982.5,3,0.0017911869,NA,2_kuwae_1_239240Pu_BMC19S12,2_kuwae,,,,
1980.0189873418,2,0.0020230774,NA,2_kuwae_1_239240Pu_BMC19S12,2_kuwae,,,,
1976.4746835443,2,0.0022306504,NA,2_kuwae_1_239240Pu_BMC19S12,2_kuwae,,,,
1972.9303797468,2,0.0025856988,NA,2_kuwae_1_239240Pu_BMC19S12,2_kuwae,,,,
1971.1582278481,2,0.0027973742,NA,2_kuwae_1_239240Pu_BMC19S12,2_kuwae,,,,
1969.552631579,1,0.0020902835,NA,2_kuwae_1_239240Pu_BMC19S12,2_kuwae,,,,
1965.0714285714,1,0.0061559543,NA,2_kuwae_1_239240Pu_BMC19S12,2_kuwae,,,,
1963.7857142857,1,0.0071357744,NA,2_kuwae_1_239240Pu_BMC19S12,2_kuwae,,,,
1961.3,1,0.0051714579,NA,2_kuwae_1_239240Pu_BMC19S12,2_kuwae,,,,
1960.3,1,0.0046526474,NA,2_kuwae_1_239240Pu_BMC19S12,2_kuwae,,,,
1959.5,1,0.0059778237,NA,2_kuwae_1_239240Pu_BMC19S12,2_kuwae,,,,
1959.25,1,0.0064855997,NA,2_kuwae_1_239240Pu_BMC19S12,2_kuwae,,,,
1956.75,1,0.0039463979,NA,2_kuwae_1_239240Pu_BMC19S12,2_kuwae,,,,
1954.45,1,0.0005227244,NA,2_kuwae_1_239240Pu_BMC19S12,2_kuwae,,,,
1953.95,1,0.0001616227,NA,2_kuwae_1_239240Pu_BMC19S12,2_kuwae,,,,
1953.5,1,0.0001211659,NA,2_kuwae_1_239240Pu_BMC19S12,2_kuwae,,,,
1953.5,1,0.000121554,NA,2_kuwae_1_239240Pu_BMC19S12,2_kuwae,,,,
1951.0384615385,1,0.000021091,NA,2_kuwae_1_239240Pu_BMC19S12,2_kuwae,,,,
1947.3861788618,1,0.0000243988,NA,2_kuwae_1_239240Pu_BMC19S12,2_kuwae,,,,
1943.1585365854,1,0.0000050964,NA,2_kuwae_1_239240Pu_BMC19S12,2_kuwae,,,,
1938.9308943089,2,0.0000057371,NA,2_kuwae_1_239240Pu_BMC19S12,2_kuwae,,,,
2020.1666666667,1,1.773678,NA,2_kuwae_2_R137Cs_BMC19S13,2_kuwae,,,,cp2 continuous
2019.3333333333,1,1.624122,NA,2_kuwae_2_R137Cs_BMC19S13,2_kuwae,,,,
2018.5,1,3.369418,NA,2_kuwae_2_R137Cs_BMC19S13,2_kuwae,,,,
2017.6666666667,1,-0.5247074,NA,2_kuwae_2_R137Cs_BMC19S13,2_kuwae,,,,
2016.8333333333,1,0.8693621,NA,2_kuwae_2_R137Cs_BMC19S13,2_kuwae,,,,
2016,1,NA,NA,2_kuwae_2_R137Cs_BMC19S13,2_kuwae,,,,
2015.1666666667,1,1.031027,NA,2_kuwae_2_R137Cs_BMC19S13,2_kuwae,,,,
2014.3333333333,1,NA,NA,2_kuwae_2_R137Cs_BMC19S13,2_kuwae,,,,
2013.5,1,2.318983,NA,2_kuwae_2_R137Cs_BMC19S13,2_kuwae,,,,
2012,1,4.356183,NA,2_kuwae_2_R137Cs_BMC19S13,2_kuwae,,,,
2010.5,1,2.130243,NA,2_kuwae_2_R137Cs_BMC19S13,2_kuwae,,,,
2009.875,1,2.683081,NA,2_kuwae_2_R137Cs_BMC19S13,2_kuwae,,,,
2009.25,1,3.50201,NA,2_kuwae_2_R137Cs_BMC19S13,2_kuwae,,,,
2008.625,1,NA,NA,2_kuwae_2_R137Cs_BMC19S13,2_kuwae,,,,
2008,1,2.645129,NA,2_kuwae_2_R137Cs_BMC19S13,2_kuwae,,,,
2007.375,1,NA,NA,2_kuwae_2_R137Cs_BMC19S13,2_kuwae,,,,
2006.75,1,2.306171,NA,2_kuwae_2_R137Cs_BMC19S13,2_kuwae,,,,
2006.125,1,NA,NA,2_kuwae_2_R137Cs_BMC19S13,2_kuwae,,,,
2005.5,1,2.683414,NA,2_kuwae_2_R137Cs_BMC19S13,2_kuwae,,,,
2004.6666666667,1,NA,NA,2_kuwae_2_R137Cs_BMC19S13,2_kuwae,,,,
2003.3717948718,1,0.2456695,NA,2_kuwae_2_R137Cs_BMC19S13,2_kuwae,,,,
2001.9615384615,1,NA,NA,2_kuwae_2_R137Cs_BMC19S13,2_kuwae,,,,
2000.5512820513,2,2.84166,NA,2_kuwae_2_R137Cs_BMC19S13,2_kuwae,,,,
1999.141025641,2,NA,NA,2_kuwae_2_R137Cs_BMC19S13,2_kuwae,,,,
1997.7307692308,2,1.76848,NA,2_kuwae_2_R137Cs_BMC19S13,2_kuwae,,,,
1996.3205128205,2,NA,NA,2_kuwae_2_R137Cs_BMC19S13,2_kuwae,,,,
1994.9102564103,2,2.408314,NA,2_kuwae_2_R137Cs_BMC19S13,2_kuwae,,,,
1993.5,2,NA,NA,2_kuwae_2_R137Cs_BMC19S13,2_kuwae,,,,
1992.5178571429,2,3.434682,NA,2_kuwae_2_R137Cs_BMC19S13,2_kuwae,,,,
1991.5357142857,2,0.03811562,NA,2_kuwae_2_R137Cs_BMC19S13,2_kuwae,,,,
1990.5535714286,3,3.103164,NA,2_kuwae_2_R137Cs_BMC19S13,2_kuwae,,,,
1989.5714285714,3,1.804062,NA,2_kuwae_2_R137Cs_BMC19S13,2_kuwae,,,,
1988.5892857143,3,2.295348,NA,2_kuwae_2_R137Cs_BMC19S13,2_kuwae,,,,
1987.6071428571,3,NA,NA,2_kuwae_2_R137Cs_BMC19S13,2_kuwae,,,,
1986.625,3,3.509551,NA,2_kuwae_2_R137Cs_BMC19S13,2_kuwae,,,,
1985.6428571429,3,NA,NA,2_kuwae_2_R137Cs_BMC19S13,2_kuwae,,,,
1984.6607142857,3,3.846397,NA,2_kuwae_2_R137Cs_BMC19S13,2_kuwae,,,,
1983.6785714286,3,NA,NA,2_kuwae_2_R137Cs_BMC19S13,2_kuwae,,,,
1982.6964285714,3,3.432255,NA,2_kuwae_2_R137Cs_BMC19S13,2_kuwae,,,,
1982.5,3,3.594322,NA,2_kuwae_2_R137Cs_BMC19S13,2_kuwae,,,,
1982.5,3,2.533755,NA,2_kuwae_2_R137Cs_BMC19S13,2_kuwae,,,,
1982.1216216216,3,2.45295,NA,2_kuwae_2_R137Cs_BMC19S13,2_kuwae,,,,
1980.2297297297,2,3.905419,NA,2_kuwae_2_R137Cs_BMC19S13,2_kuwae,,,,
1978.3378378378,2,3.006365,NA,2_kuwae_2_R137Cs_BMC19S13,2_kuwae,,,,
1976.445945946,2,3.223772,NA,2_kuwae_2_R137Cs_BMC19S13,2_kuwae,,,,
1974.5540540541,2,2.710072,NA,2_kuwae_2_R137Cs_BMC19S13,2_kuwae,,,,
1972.6621621622,2,4.207334,NA,2_kuwae_2_R137Cs_BMC19S13,2_kuwae,,,,
1970.7702702703,1,5.179666,NA,2_kuwae_2_R137Cs_BMC19S13,2_kuwae,,,,
1968.8783783784,1,NA,NA,2_kuwae_2_R137Cs_BMC19S13,2_kuwae,,,,
1966.6818181818,1,4.420592,NA,2_kuwae_2_R137Cs_BMC19S13,2_kuwae,,,,
1964.4090909091,1,6.565179,NA,2_kuwae_2_R137Cs_BMC19S13,2_kuwae,,,,
1963.0555555556,1,5.09452,NA,2_kuwae_2_R137Cs_BMC19S13,2_kuwae,,,,
1962.3148148148,1,6.445192,NA,2_kuwae_2_R137Cs_BMC19S13,2_kuwae,,,,
1961.5740740741,1,4.143801,NA,2_kuwae_2_R137Cs_BMC19S13,2_kuwae,,,,
1959.5,1,3.291874,NA,2_kuwae_2_R137Cs_BMC19S13,2_kuwae,,,,
1956.9,1,1.954022,NA,2_kuwae_2_R137Cs_BMC19S13,2_kuwae,,,,
1954.9,1,0.8929039,NA,2_kuwae_2_R137Cs_BMC19S13,2_kuwae,,,,
1954.2333333333,1,1.096863,NA,2_kuwae_2_R137Cs_BMC19S13,2_kuwae,,,,
1953.9,1,0.3706394,NA,2_kuwae_2_R137Cs_BMC19S13,2_kuwae,,,,
1953.5666666667,1,1.854334,NA,2_kuwae_2_R137Cs_BMC19S13,2_kuwae,,,,
1953.5,1,0.9419022,NA,2_kuwae_2_R137Cs_BMC19S13,2_kuwae,,,,
1953.5,1,1.312614,NA,2_kuwae_2_R137Cs_BMC19S13,2_kuwae,,,,
1953.5,1,1.007698,NA,2_kuwae_2_R137Cs_BMC19S13,2_kuwae,,,,
1953.5,1,NA,NA,2_kuwae_2_R137Cs_BMC19S13,2_kuwae,,,,
1948.1987951807,1,NA,NA,2_kuwae_2_R137Cs_BMC19S13,2_kuwae,,,,
1946.0301204819,1,NA,NA,2_kuwae_2_R137Cs_BMC19S13,2_kuwae,,,,
1943.8614457831,1,0.8399074,NA,2_kuwae_2_R137Cs_BMC19S13,2_kuwae,,,,
1941.6927710843,1,NA,NA,2_kuwae_2_R137Cs_BMC19S13,2_kuwae,,,,
1939.5240963855,2,NA,NA,2_kuwae_2_R137Cs_BMC19S13,2_kuwae,,,,
1937.3554216868,2,NA,NA,2_kuwae_2_R137Cs_BMC19S13,2_kuwae,,,,
1935.186746988,2,0.7966306,NA,2_kuwae_2_R137Cs_BMC19S13,2_kuwae,,,,
1933.0180722892,2,NA,NA,2_kuwae_2_R137Cs_BMC19S13,2_kuwae,,,,
1930.9782608696,2,1.351398,NA,2_kuwae_2_R137Cs_BMC19S13,2_kuwae,,,,
1929.2391304348,2,NA,NA,2_kuwae_2_R137Cs_BMC19S13,2_kuwae,,,,
1927.5,2,1.127506,NA,2_kuwae_2_R137Cs_BMC19S13,2_kuwae,,,,
1925.7608695652,2,NA,NA,2_kuwae_2_R137Cs_BMC19S13,2_kuwae,,,,
1924.0217391304,2,NA,NA,2_kuwae_2_R137Cs_BMC19S13,2_kuwae,,,,
1922.5454545455,2,NA,NA,2_kuwae_2_R137Cs_BMC19S13,2_kuwae,,,,
1921.1818181818,2,0.03811562,NA,2_kuwae_2_R137Cs_BMC19S13,2_kuwae,,,,
1920.5,3,NA,NA,2_kuwae_2_R137Cs_BMC19S13,2_kuwae,,,,
1920.5,3,NA,NA,2_kuwae_2_R137Cs_BMC19S13,2_kuwae,,,,
1920.5,3,NA,NA,2_kuwae_2_R137Cs_BMC19S13,2_kuwae,,,,
1920.3163265306,3,NA,NA,2_kuwae_2_R137Cs_BMC19S13,2_kuwae,,,,
1919.3979591837,3,-0.1772122,NA,2_kuwae_2_R137Cs_BMC19S13,2_kuwae,,,,
1918.4795918367,3,0.8342309,NA,2_kuwae_2_R137Cs_BMC19S13,2_kuwae,,,,
1917.5612244898,3,NA,NA,2_kuwae_2_R137Cs_BMC19S13,2_kuwae,,,,
1916.6428571429,3,0.479333,NA,2_kuwae_2_R137Cs_BMC19S13,2_kuwae,,,,
1915.7244897959,3,NA,NA,2_kuwae_2_R137Cs_BMC19S13,2_kuwae,,,,
1914.806122449,3,-0.05078191,NA,2_kuwae_2_R137Cs_BMC19S13,2_kuwae,,,,
1995.5,1.5,0.000850722,NA,4_mccarthy_1_239240Pu_CRA192FTD1,4_mccarthy,,,,
1989.5,1.5,0.000798089,NA,4_mccarthy_1_239240Pu_CRA192FTD1,4_mccarthy,,,,
1983.5,1.5,0.001071464,NA,4_mccarthy_1_239240Pu_CRA192FTD1,4_mccarthy,,,,
1977.5,1.5,0.002111836,NA,4_mccarthy_1_239240Pu_CRA192FTD1,4_mccarthy,,,,
1970.5,0.5,0.004248159,NA,4_mccarthy_1_239240Pu_CRA192FTD1,4_mccarthy,,,,
1970.5,0.5,0.003222404,NA,4_mccarthy_1_239240Pu_CRA192FTD1,4_mccarthy,,,,
1965.5,1.5,0.017803053,NA,4_mccarthy_1_239240Pu_CRA192FTD1,4_mccarthy,,,,
1959.5,1.5,0.014029782,NA,4_mccarthy_1_239240Pu_CRA192FTD1,4_mccarthy,,,,
1956.5,0.5,0.013884547,NA,4_mccarthy_1_239240Pu_CRA192FTD1,4_mccarthy,,,,
1951.5,1.5,0.004762737,NA,4_mccarthy_1_239240Pu_CRA192FTD1,4_mccarthy,,,,
1946.5,0.5,0.00115725,NA,4_mccarthy_1_239240Pu_CRA192FTD1,4_mccarthy,,,,
1943.5,1.5,0.000340026,NA,4_mccarthy_1_239240Pu_CRA192FTD1,4_mccarthy,,,,
1940.5,0.5,0.000192722,NA,4_mccarthy_1_239240Pu_CRA192FTD1,4_mccarthy,,,,
1938.5,0.5,0.000117871,NA,4_mccarthy_1_239240Pu_CRA192FTD1,4_mccarthy,,,,
1934.5,0.5,0.000377062,NA,4_mccarthy_1_239240Pu_CRA192FTD1,4_mccarthy,,,,
1997.5,2.5,1701,NA,4_mccarthy_2_SCP_CRA192FTB2,4_mccarthy,,,,
1992.5,1.5,2102,NA,4_mccarthy_2_SCP_CRA192FTB2,4_mccarthy,,,,
1990,1,2184,NA,4_mccarthy_2_SCP_CRA192FTB2,4_mccarthy,,,,
1986.5,2.5,2241,NA,4_mccarthy_2_SCP_CRA192FTB2,4_mccarthy,,,,
1981.5,1.5,6793,NA,4_mccarthy_2_SCP_CRA192FTB2,4_mccarthy,,,,
1979,1,2265,NA,4_mccarthy_2_SCP_CRA192FTB2,4_mccarthy,,,,
1977,1,3744,NA,4_mccarthy_2_SCP_CRA192FTB2,4_mccarthy,,,,
1975,1,5178,NA,4_mccarthy_2_SCP_CRA192FTB2,4_mccarthy,,,,
1972.5,1.5,5658,NA,4_mccarthy_2_SCP_CRA192FTB2,4_mccarthy,,,,
1969.5,1.5,4962,NA,4_mccarthy_2_SCP_CRA192FTB2,4_mccarthy,,,,
1966.5,1,8410,NA,4_mccarthy_2_SCP_CRA192FTB2,4_mccarthy,,,,
1964,1,9322,NA,4_mccarthy_2_SCP_CRA192FTB2,4_mccarthy,,,,
1962,1,7725,NA,4_mccarthy_2_SCP_CRA192FTB2,4_mccarthy,,,,
1960,1,10520,NA,4_mccarthy_2_SCP_CRA192FTB2,4_mccarthy,,,,
1957,1,7906,NA,4_mccarthy_2_SCP_CRA192FTB2,4_mccarthy,,,,
1954,1,17201,NA,4_mccarthy_2_SCP_CRA192FTB2,4_mccarthy,,,,
1951,1,3836,NA,4_mccarthy_2_SCP_CRA192FTB2,4_mccarthy,,,,
1948,1,1933,NA,4_mccarthy_2_SCP_CRA192FTB2,4_mccarthy,,,,
1945,1,1418,NA,4_mccarthy_2_SCP_CRA192FTB2,4_mccarthy,,,,
1942,1,1829,NA,4_mccarthy_2_SCP_CRA192FTB2,4_mccarthy,,,,
1939,1,838,NA,4_mccarthy_2_SCP_CRA192FTB2,4_mccarthy,,,,
1935,2,328,NA,4_mccarthy_2_SCP_CRA192FTB2,4_mccarthy,,,,
1928.5,1.5,783,NA,4_mccarthy_2_SCP_CRA192FTB2,4_mccarthy,,,,
1919.5,1.5,307,NA,4_mccarthy_2_SCP_CRA192FTB2,4_mccarthy,,,,
1910.5,1.5,107,NA,4_mccarthy_2_SCP_CRA192FTB2,4_mccarthy,,,,
1906.5,1.5,216,NA,4_mccarthy_2_SCP_CRA192FTB2,4_mccarthy,,,,
1901,1,405,NA,4_mccarthy_2_SCP_CRA192FTB2,4_mccarthy,,,,
1899.5,1.5,0,NA,4_mccarthy_2_SCP_CRA192FTB2,4_mccarthy,,,,
1896,1,252,NA,4_mccarthy_2_SCP_CRA192FTB2,4_mccarthy,,,,
1892.5,1.5,168,NA,4_mccarthy_2_SCP_CRA192FTB2,4_mccarthy,,,,
1881.5,1.5,0,NA,4_mccarthy_2_SCP_CRA192FTB2,4_mccarthy,,,,
1877.5,1.5,0,NA,4_mccarthy_2_SCP_CRA192FTB2,4_mccarthy,,,,
1874,1,190,NA,4_mccarthy_2_SCP_CRA192FTB2,4_mccarthy,,,,
1871,1,100,NA,4_mccarthy_2_SCP_CRA192FTB2,4_mccarthy,,,,
1867.5,1.5,245,NA,4_mccarthy_2_SCP_CRA192FTB2,4_mccarthy,,,,
1863,2,0,NA,4_mccarthy_2_SCP_CRA192FTB2,4_mccarthy,,,,
1851,1,0,NA,4_mccarthy_2_SCP_CRA192FTB2,4_mccarthy,,,,
1998.5,0.5,1.2,NA,4_mccarthy_3_d15N_CRA192FTD1,4_mccarthy,,,,
1992.5,0.5,4,NA,4_mccarthy_3_d15N_CRA192FTD1,4_mccarthy,,,,
1986.5,0.5,2.5,NA,4_mccarthy_3_d15N_CRA192FTD1,4_mccarthy,,,,
1980.5,0.5,1.9,NA,4_mccarthy_3_d15N_CRA192FTD1,4_mccarthy,,,,
1974.5,0.5,1.2,NA,4_mccarthy_3_d15N_CRA192FTD1,4_mccarthy,,,,
1968.5,0.5,1.3,NA,4_mccarthy_3_d15N_CRA192FTD1,4_mccarthy,,,,
1964.5,0.5,0.8,NA,4_mccarthy_3_d15N_CRA192FTD1,4_mccarthy,,,,
1954.5,0.5,1,NA,4_mccarthy_3_d15N_CRA192FTD1,4_mccarthy,,,,
1948.5,0.5,2.7,NA,4_mccarthy_3_d15N_CRA192FTD1,4_mccarthy,,,,
1942.5,0.5,2.3,NA,4_mccarthy_3_d15N_CRA192FTD1,4_mccarthy,,,,
1935.5,0.5,3.2,NA,4_mccarthy_3_d15N_CRA192FTD1,4_mccarthy,,,,
1932.5,0.5,2.5,NA,4_mccarthy_3_d15N_CRA192FTD1,4_mccarthy,,,,
1930.5,0.5,1.9,NA,4_mccarthy_3_d15N_CRA192FTD1,4_mccarthy,,,,
1928.5,0.5,3.7,NA,4_mccarthy_3_d15N_CRA192FTD1,4_mccarthy,,,,
1926.5,0.5,3.4,NA,4_mccarthy_3_d15N_CRA192FTD1,4_mccarthy,,,,
1924.5,0.5,2.7,NA,4_mccarthy_3_d15N_CRA192FTD1,4_mccarthy,,,,
1922.5,0.5,3.4,NA,4_mccarthy_3_d15N_CRA192FTD1,4_mccarthy,,,,
1920.5,0.5,1.9,NA,4_mccarthy_3_d15N_CRA192FTD1,4_mccarthy,,,,
1918.5,0.5,3.1,NA,4_mccarthy_3_d15N_CRA192FTD1,4_mccarthy,,,,
1916.5,0.5,2.3,NA,4_mccarthy_3_d15N_CRA192FTD1,4_mccarthy,,,,
1914.5,0.5,2.9,NA,4_mccarthy_3_d15N_CRA192FTD1,4_mccarthy,,,,
1912.5,0.5,2.8,NA,4_mccarthy_3_d15N_CRA192FTD1,4_mccarthy,,,,
1909.5,0.5,2.7,NA,4_mccarthy_3_d15N_CRA192FTD1,4_mccarthy,,,,
1908.5,0.5,5,NA,4_mccarthy_3_d15N_CRA192FTD1,4_mccarthy,,,,
1906.5,0.5,4.4,NA,4_mccarthy_3_d15N_CRA192FTD1,4_mccarthy,,,,
1904.5,0.5,3.2,NA,4_mccarthy_3_d15N_CRA192FTD1,4_mccarthy,,,,
1902.5,0.5,4.4,NA,4_mccarthy_3_d15N_CRA192FTD1,4_mccarthy,,,,
1900.5,0.5,3.7,NA,4_mccarthy_3_d15N_CRA192FTD1,4_mccarthy,,,,
2020.1,NA,0.97,0.14,5_han_1_239240Pu_SHLW21Fr13,5_han,,,,
2018.6,NA,1,0.12,5_han_1_239240Pu_SHLW21Fr13,5_han,,,,
2016.8,NA,0.98,0.12,5_han_1_239240Pu_SHLW21Fr13,5_han,,,,
2014.6,NA,1.07,0.09,5_han_1_239240Pu_SHLW21Fr13,5_han,,,,
2012.4,NA,1.18,0.09,5_han_1_239240Pu_SHLW21Fr13,5_han,,,,
2010.1,NA,0.97,0.16,5_han_1_239240Pu_SHLW21Fr13,5_han,,,,
2008.5,NA,0.83,0.11,5_han_1_239240Pu_SHLW21Fr13,5_han,,,,
2005.5,NA,0.85,0.08,5_han_1_239240Pu_SHLW21Fr13,5_han,,,,
2001.8,NA,0.94,0.08,5_han_1_239240Pu_SHLW21Fr13,5_han,,,,
1998.9,NA,1.1,0.15,5_han_1_239240Pu_SHLW21Fr13,5_han,,,,
1996.8,NA,1.36,0.14,5_han_1_239240Pu_SHLW21Fr13,5_han,,,,
1994.8,NA,1.49,0.23,5_han_1_239240Pu_SHLW21Fr13,5_han,,,,
1992.9,NA,1.65,0.25,5_han_1_239240Pu_SHLW21Fr13,5_han,,,,
1990.5,NA,2.1,0.18,5_han_1_239240Pu_SHLW21Fr13,5_han,,,,
1988.7,NA,2.28,0.13,5_han_1_239240Pu_SHLW21Fr13,5_han,,,,
1986.9,NA,2.07,0.16,5_han_1_239240Pu_SHLW21Fr13,5_han,,,,
1984.7,NA,1.77,0.15,5_han_1_239240Pu_SHLW21Fr13,5_han,,,,
1982.4,NA,1.78,0.15,5_han_1_239240Pu_SHLW21Fr13,5_han,,,,
1979.4,NA,2.72,0.23,5_han_1_239240Pu_SHLW21Fr13,5_han,,,,
1977.7,NA,3.83,0.14,5_han_1_239240Pu_SHLW21Fr13,5_han,,,,
1976,NA,5.49,0.64,5_han_1_239240Pu_SHLW21Fr13,5_han,,,,
1974,NA,7.36,0.51,5_han_1_239240Pu_SHLW21Fr13,5_han,,,,
1971.8,NA,10.32,0.44,5_han_1_239240Pu_SHLW21Fr13,5_han,,,,
1969.6,NA,14.51,0.7,5_han_1_239240Pu_SHLW21Fr13,5_han,,,,
1968.2,NA,19.04,0.61,5_han_1_239240Pu_SHLW21Fr13,5_han,,,,
1966.7,NA,26.18,0.86,5_han_1_239240Pu_SHLW21Fr13,5_han,,,,
1965,NA,38.35,0.84,5_han_1_239240Pu_SHLW21Fr13,5_han,,,,
1963.9,NA,41.3,1.11,5_han_1_239240Pu_SHLW21Fr13,5_han,,,,
1962.8,NA,46.89,1.39,5_han_1_239240Pu_SHLW21Fr13,5_han,,,,
1960.6,NA,43.1,1.57,5_han_1_239240Pu_SHLW21Fr13,5_han,,,,
1958.6,NA,29.77,1.16,5_han_1_239240Pu_SHLW21Fr13,5_han,,,,
1956.6,NA,22.85,0.89,5_han_1_239240Pu_SHLW21Fr13,5_han,,,,
1952.7,NA,11.49,0.29,5_han_1_239240Pu_SHLW21Fr13,5_han,,,,
1947.6,NA,3.38,0.14,5_han_1_239240Pu_SHLW21Fr13,5_han,,,,
1945.3,NA,3.94,0.19,5_han_1_239240Pu_SHLW21Fr13,5_han,,,,
1942.3,NA,1.72,0.09,5_han_1_239240Pu_SHLW21Fr13,5_han,,,,
1939.4,NA,1.51,0.25,5_han_1_239240Pu_SHLW21Fr13,5_han,,,,
1937,NA,0.91,0.08,5_han_1_239240Pu_SHLW21Fr13,5_han,,,,
1934.4,NA,0.83,0.1,5_han_1_239240Pu_SHLW21Fr13,5_han,,,,
1931.9,NA,0.81,0.07,5_han_1_239240Pu_SHLW21Fr13,5_han,,,,
1929.8,NA,0.67,0.07,5_han_1_239240Pu_SHLW21Fr13,5_han,,,,
1927.7,NA,0.7,0.06,5_han_1_239240Pu_SHLW21Fr13,5_han,,,,
1925,NA,0.62,0.07,5_han_1_239240Pu_SHLW21Fr13,5_han,,,,
1922.8,NA,0.67,0.07,5_han_1_239240Pu_SHLW21Fr13,5_han,,,,
1918.8,NA,0.52,0.08,5_han_1_239240Pu_SHLW21Fr13,5_han,,,,
1916.5,NA,0.54,0.03,5_han_1_239240Pu_SHLW21Fr13,5_han,,,,
1913.6,NA,0.57,0.05,5_han_1_239240Pu_SHLW21Fr13,5_han,,,,
1908.6,NA,0.62,0.06,5_han_1_239240Pu_SHLW21Fr13,5_han,,,,
1904.4,NA,0.35,0.04,5_han_1_239240Pu_SHLW21Fr13,5_han,,,,
1902.7,NA,0.31,0.09,5_han_1_239240Pu_SHLW21Fr13,5_han,,,,
1900.6,NA,0.29,0.05,5_han_1_239240Pu_SHLW21Fr13,5_han,,,,
1898,NA,0.31,0.04,5_han_1_239240Pu_SHLW21Fr13,5_han,,,,
1895.3,NA,0.35,0.06,5_han_1_239240Pu_SHLW21Fr13,5_han,,,,
1892.9,NA,0.24,0.07,5_han_1_239240Pu_SHLW21Fr13,5_han,,,,
1890.9,NA,0.28,0.05,5_han_1_239240Pu_SHLW21Fr13,5_han,,,,
1887.7,NA,0.22,0.02,5_han_1_239240Pu_SHLW21Fr13,5_han,,,,
1882.8,NA,0.24,0.04,5_han_1_239240Pu_SHLW21Fr13,5_han,,,,
1878.1,NA,0.17,0.03,5_han_1_239240Pu_SHLW21Fr13,5_han,,,,
1873.3,NA,0.18,0.02,5_han_1_239240Pu_SHLW21Fr13,5_han,,,,
1868.2,NA,0.16,0.02,5_han_1_239240Pu_SHLW21Fr13,5_han,,,,
1862.4,NA,0.16,0.02,5_han_1_239240Pu_SHLW21Fr13,5_han,,,,
1858.1,NA,0.15,0.01,5_han_1_239240Pu_SHLW21Fr13,5_han,,,,
2020.5,NA,0.0000000255,6.222E-10,5_han_2_129127I_SHLW21Fr7,5_han,,,,
2020.2,NA,0.0000000213,5.1333E-10,5_han_2_129127I_SHLW21Fr7,5_han,,,,
2019.6,NA,0.0000000224,4.592E-10,5_han_2_129127I_SHLW21Fr7,5_han,,,,
2019.1,NA,0.0000000211,4.4521E-10,5_han_2_129127I_SHLW21Fr7,5_han,,,,
2018.4,NA,0.0000000226,5.0398E-10,5_han_2_129127I_SHLW21Fr7,5_han,,,,
2017.7,NA,0.0000000228,4.4004E-10,5_han_2_129127I_SHLW21Fr7,5_han,,,,
2017,NA,0.000000023,4.554E-10,5_han_2_129127I_SHLW21Fr7,5_han,,,,
2015.8,NA,0.0000000206,4.1406E-10,5_han_2_129127I_SHLW21Fr7,5_han,,,,
2014.8,NA,0.0000000239,4.9951E-10,5_han_2_129127I_SHLW21Fr7,5_han,,,,
2013.4,NA,0.0000000254,9.1948E-10,5_han_2_129127I_SHLW21Fr7,5_han,,,,
2011.7,NA,0.0000000264,6.2304E-10,5_han_2_129127I_SHLW21Fr7,5_han,,,,
2010.4,NA,0.0000000219,0.00000000133152,5_han_2_129127I_SHLW21Fr7,5_han,,,,
2008.6,NA,0.0000000283,6.9901E-10,5_han_2_129127I_SHLW21Fr7,5_han,,,,
2005.2,NA,0.000000027,6.129E-10,5_han_2_129127I_SHLW21Fr7,5_han,,,,
2003.4,NA,0.0000000295,5.664E-10,5_han_2_129127I_SHLW21Fr7,5_han,,,,
2001.7,NA,0.0000000301,9.1203E-10,5_han_2_129127I_SHLW21Fr7,5_han,,,,
1999.8,NA,0.0000000315,7.9695E-10,5_han_2_129127I_SHLW21Fr7,5_han,,,,
1997.6,NA,0.0000000312,8.4552E-10,5_han_2_129127I_SHLW21Fr7,5_han,,,,
1995.4,NA,0.0000000336,6.8544E-10,5_han_2_129127I_SHLW21Fr7,5_han,,,,
1992.8,NA,0.0000000355,7.313E-10,5_han_2_129127I_SHLW21Fr7,5_han,,,,
1990.4,NA,0.0000000364,8.8816E-10,5_han_2_129127I_SHLW21Fr7,5_han,,,,
1988.3,NA,0.0000000345,8.487E-10,5_han_2_129127I_SHLW21Fr7,5_han,,,,
1986.5,NA,0.0000000316,7.4576E-10,5_han_2_129127I_SHLW21Fr7,5_han,,,,
1984.4,NA,0.000000037,0.0000000010693,5_han_2_129127I_SHLW21Fr7,5_han,,,,
1982.3,NA,0.0000000301,6.1705E-10,5_han_2_129127I_SHLW21Fr7,5_han,,,,
1980.1,NA,0.0000000303,7.1508E-10,5_han_2_129127I_SHLW21Fr7,5_han,,,,
1978.2,NA,0.0000000292,6.8036E-10,5_han_2_129127I_SHLW21Fr7,5_han,,,,
1976.9,NA,0.0000000227,5.5842E-10,5_han_2_129127I_SHLW21Fr7,5_han,,,,
1975.5,NA,0.000000026,6.5E-10,5_han_2_129127I_SHLW21Fr7,5_han,,,,
1974.3,NA,0.0000000262,6.812E-10,5_han_2_129127I_SHLW21Fr7,5_han,,,,
1972.9,NA,0.0000000239,4.9951E-10,5_han_2_129127I_SHLW21Fr7,5_han,,,,
1971.6,NA,0.0000000237,4.8585E-10,5_han_2_129127I_SHLW21Fr7,5_han,,,,
1969.9,NA,0.0000000235,4.653E-10,5_han_2_129127I_SHLW21Fr7,5_han,,,,
1967.8,NA,0.0000000195,4.017E-10,5_han_2_129127I_SHLW21Fr7,5_han,,,,
1965.5,NA,0.0000000186,3.7758E-10,5_han_2_129127I_SHLW21Fr7,5_han,,,,
1963.6,NA,0.0000000175,4.7425E-10,5_han_2_129127I_SHLW21Fr7,5_han,,,,
1961.9,NA,0.0000000159,5.4378E-10,5_han_2_129127I_SHLW21Fr7,5_han,,,,
1960.4,NA,0.0000000117,2.6793E-10,5_han_2_129127I_SHLW21Fr7,5_han,,,,
1958.9,NA,0.0000000101,2.424E-10,5_han_2_129127I_SHLW21Fr7,5_han,,,,
1956.8,NA,0.00000000922,1.97308E-10,5_han_2_129127I_SHLW21Fr7,5_han,,,,
1954.7,NA,0.00000000737,1.65088E-10,5_han_2_129127I_SHLW21Fr7,5_han,,,,
1952.8,NA,0.00000000523,1.18721E-10,5_han_2_129127I_SHLW21Fr7,5_han,,,,
1950.6,NA,0.00000000267,6.7017E-11,5_han_2_129127I_SHLW21Fr7,5_han,,,,
1948.5,NA,0.00000000266,5.2934E-11,5_han_2_129127I_SHLW21Fr7,5_han,,,,
1945.1,NA,0.00000000226,5.6952E-11,5_han_2_129127I_SHLW21Fr7,5_han,,,,
1942,NA,0.00000000133,3.4048E-11,5_han_2_129127I_SHLW21Fr7,5_han,,,,
1939.4,NA,0.00000000103,3.0076E-11,5_han_2_129127I_SHLW21Fr7,5_han,,,,
1936.7,NA,9.42E-10,5.39766E-11,5_han_2_129127I_SHLW21Fr7,5_han,,,,
1934,NA,5.53E-10,2.5991E-11,5_han_2_129127I_SHLW21Fr7,5_han,,,,
1931.5,NA,7.65E-10,2.7999E-11,5_han_2_129127I_SHLW21Fr7,5_han,,,,
1929.1,NA,8.28E-10,2.79864E-11,5_han_2_129127I_SHLW21Fr7,5_han,,,,
1925.9,NA,6.7E-10,2.8006E-11,5_han_2_129127I_SHLW21Fr7,5_han,,,,
1923.1,NA,6.85E-10,2.80165E-11,5_han_2_129127I_SHLW21Fr7,5_han,,,,
1920.5,NA,5.01E-10,5.60118E-11,5_han_2_129127I_SHLW21Fr7,5_han,,,,
1918.3,NA,6.47E-10,2.29685E-11,5_han_2_129127I_SHLW21Fr7,5_han,,,,
1915.7,NA,7.64E-10,2.5976E-11,5_han_2_129127I_SHLW21Fr7,5_han,,,,
1913.6,NA,6.28E-10,3.69892E-11,5_han_2_129127I_SHLW21Fr7,5_han,,,,
1911.2,NA,5.44E-10,4.40096E-11,5_han_2_129127I_SHLW21Fr7,5_han,,,,
1908.6,NA,8.05E-10,2.3989E-11,5_han_2_129127I_SHLW21Fr7,5_han,,,,
1906.1,NA,5.07E-10,2.00265E-11,5_han_2_129127I_SHLW21Fr7,5_han,,,,
1904.2,NA,6.61E-10,2.49858E-11,5_han_2_129127I_SHLW21Fr7,5_han,,,,
1901.6,NA,6.33E-10,2.69658E-11,5_han_2_129127I_SHLW21Fr7,5_han,,,,
1899.2,NA,5.31E-10,2.00187E-11,5_han_2_129127I_SHLW21Fr7,5_han,,,,
1897,NA,6.18E-10,1.79838E-11,5_han_2_129127I_SHLW21Fr7,5_han,,,,
1894,NA,7.31E-10,2.50002E-11,5_han_2_129127I_SHLW21Fr7,5_han,,,,
1892.2,NA,4.63E-10,3.69937E-11,5_han_2_129127I_SHLW21Fr7,5_han,,,,
1890.1,NA,4.76E-10,3.89844E-11,5_han_2_129127I_SHLW21Fr7,5_han,,,,
1888.1,NA,5.5E-10,2.299E-11,5_han_2_129127I_SHLW21Fr7,5_han,,,,
1886.2,NA,4.03E-10,1.49916E-11,5_han_2_129127I_SHLW21Fr7,5_han,,,,
1884,NA,3.8E-10,1.9988E-11,5_han_2_129127I_SHLW21Fr7,5_han,,,,
1881.5,NA,2.89E-10,1.80047E-11,5_han_2_129127I_SHLW21Fr7,5_han,,,,
1878.1,NA,2.77E-10,1.10246E-11,5_han_2_129127I_SHLW21Fr7,5_han,,,,
1875.8,NA,3.5E-10,1.498E-11,5_han_2_129127I_SHLW21Fr7,5_han,,,,
1873,NA,2.59E-10,9.0132E-12,5_han_2_129127I_SHLW21Fr7,5_han,,,,
1870.3,NA,3.02E-10,1.79992E-11,5_han_2_129127I_SHLW21Fr7,5_han,,,,
1868.3,NA,2.88E-10,9.0144E-12,5_han_2_129127I_SHLW21Fr7,5_han,,,,
1863.4,NA,2.39E-10,1.10179E-11,5_han_2_129127I_SHLW21Fr7,5_han,,,,
1861.3,NA,2.72E-10,1.00096E-11,5_han_2_129127I_SHLW21Fr7,5_han,,,,
1859.4,NA,2E-10,8E-12,5_han_2_129127I_SHLW21Fr7,5_han,,,,
1857.1,NA,2.66E-10,1.79816E-11,5_han_2_129127I_SHLW21Fr7,5_han,,,,
1855.2,NA,2.46E-10,9.0036E-12,5_han_2_129127I_SHLW21Fr7,5_han,,,,
1853.3,NA,2.73E-10,1.30221E-11,5_han_2_129127I_SHLW21Fr7,5_han,,,,
1851.2,NA,2.45E-10,9.996E-12,5_han_2_129127I_SHLW21Fr7,5_han,,,,
1848.9,NA,2.68E-10,1.20064E-11,5_han_2_129127I_SHLW21Fr7,5_han,,,,
2020.8,NA,58,1.2,5_han_3_F14C_SHLW21Fr1,5_han,,,,
2020.3,NA,58.8,1,5_han_3_F14C_SHLW21Fr1,5_han,,,,
2019.2,NA,60.4,0.8,5_han_3_F14C_SHLW21Fr1,5_han,,,,
2018.1,NA,52.5,0.8,5_han_3_F14C_SHLW21Fr1,5_han,,,,
2017.3,NA,51.8,0.9,5_han_3_F14C_SHLW21Fr1,5_han,,,,
2016.4,NA,50.9,0.8,5_han_3_F14C_SHLW21Fr1,5_han,,,,
2014.8,NA,43.3,0.9,5_han_3_F14C_SHLW21Fr1,5_han,,,,
2012.7,NA,47.2,1.1,5_han_3_F14C_SHLW21Fr1,5_han,,,,
2011.4,NA,46.7,1.6,5_han_3_F14C_SHLW21Fr1,5_han,,,,
2010,NA,42.5,1.1,5_han_3_F14C_SHLW21Fr1,5_han,,,,
2008.7,NA,50.1,0.8,5_han_3_F14C_SHLW21Fr1,5_han,,,,
2006.9,NA,49.9,0.7,5_han_3_F14C_SHLW21Fr1,5_han,,,,
2005.2,NA,50,0.9,5_han_3_F14C_SHLW21Fr1,5_han,,,,
2003.7,NA,42.2,0.6,5_han_3_F14C_SHLW21Fr1,5_han,,,,
2002.3,NA,34.5,0.7,5_han_3_F14C_SHLW21Fr1,5_han,,,,
1997.8,NA,33.5,1.4,5_han_3_F14C_SHLW21Fr1,5_han,,,,
1993.7,NA,37,1.1,5_han_3_F14C_SHLW21Fr1,5_han,,,,
1991.4,NA,43.1,0.7,5_han_3_F14C_SHLW21Fr1,5_han,,,,
1988.1,NA,42.6,0.7,5_han_3_F14C_SHLW21Fr1,5_han,,,,
1984.9,NA,41.3,0.7,5_han_3_F14C_SHLW21Fr1,5_han,,,,
1982.7,NA,48.3,0.8,5_han_3_F14C_SHLW21Fr1,5_han,,,,
1980.5,NA,57.4,1,5_han_3_F14C_SHLW21Fr1,5_han,,,,
1978.7,NA,68.3,1,5_han_3_F14C_SHLW21Fr1,5_han,,,,
1977.6,NA,69.4,1,5_han_3_F14C_SHLW21Fr1,5_han,,,,
1975.3,NA,72.2,1.2,5_han_3_F14C_SHLW21Fr1,5_han,,,,
1973.6,NA,71.5,1,5_han_3_F14C_SHLW21Fr1,5_han,,,,
1971.2,NA,66.1,1.9,5_han_3_F14C_SHLW21Fr1,5_han,,,,
1970.1,NA,65.1,1.6,5_han_3_F14C_SHLW21Fr1,5_han,,,,
1968.8,NA,66.2,1.6,5_han_3_F14C_SHLW21Fr1,5_han,,,,
1961.3,NA,59.2,0.9,5_han_3_F14C_SHLW21Fr1,5_han,,,,
1959.7,NA,63.8,1.1,5_han_3_F14C_SHLW21Fr1,5_han,,,,
1957.7,NA,62.6,1.2,5_han_3_F14C_SHLW21Fr1,5_han,,,,
1952.6,NA,71.7,1.3,5_han_3_F14C_SHLW21Fr1,5_han,,,,
1950.1,NA,75.6,1.3,5_han_3_F14C_SHLW21Fr1,5_han,,,,
1947.6,NA,77.1,1.3,5_han_3_F14C_SHLW21Fr1,5_han,,,,
1942.6,NA,71.7,1.4,5_han_3_F14C_SHLW21Fr1,5_han,,,,
1939.4,NA,76.5,1.5,5_han_3_F14C_SHLW21Fr1,5_han,,,,
1934.3,NA,75.9,1.5,5_han_3_F14C_SHLW21Fr1,5_han,,,,
1930.6,NA,81.4,1.5,5_han_3_F14C_SHLW21Fr1,5_han,,,,
1921.9,NA,83.4,1.6,5_han_3_F14C_SHLW21Fr1,5_han,,,,
1905.9,NA,87.3,2.6,5_han_3_F14C_SHLW21Fr1,5_han,,,,
1895.3,NA,89.1,1.6,5_han_3_F14C_SHLW21Fr1,5_han,,,,
1884.1,NA,89,1.7,5_han_3_F14C_SHLW21Fr1,5_han,,,,
1870.7,NA,88.9,1.7,5_han_3_F14C_SHLW21Fr1,5_han,,,,
2018.1,NA,648,NA,5_han_4_SCP_SHLW21Fr1,5_han,,,,
2016.4,NA,3123,NA,5_han_4_SCP_SHLW21Fr1,5_han,,,,
2012.7,NA,1218,NA,5_han_4_SCP_SHLW21Fr1,5_han,,,,
2010,NA,2430,NA,5_han_4_SCP_SHLW21Fr1,5_han,,,,
2006.9,NA,2848,NA,5_han_4_SCP_SHLW21Fr1,5_han,,,,
2003.7,NA,5333,NA,5_han_4_SCP_SHLW21Fr1,5_han,,,,
2000.3,NA,3941,NA,5_han_4_SCP_SHLW21Fr1,5_han,,,,
1995.7,NA,6402,NA,5_han_4_SCP_SHLW21Fr1,5_han,,,,
1991.4,NA,8558,NA,5_han_4_SCP_SHLW21Fr1,5_han,,,,
1984.9,NA,5378,NA,5_han_4_SCP_SHLW21Fr1,5_han,,,,
1980.5,NA,6518,NA,5_han_4_SCP_SHLW21Fr1,5_han,,,,
1977.6,NA,3246,NA,5_han_4_SCP_SHLW21Fr1,5_han,,,,
1975.3,NA,4840,NA,5_han_4_SCP_SHLW21Fr1,5_han,,,,
1972.4,NA,6747,NA,5_han_4_SCP_SHLW21Fr1,5_han,,,,
1970.1,NA,3020,NA,5_han_4_SCP_SHLW21Fr1,5_han,,,,
1967.1,NA,3593,NA,5_han_4_SCP_SHLW21Fr1,5_han,,,,
1963,NA,920,NA,5_han_4_SCP_SHLW21Fr1,5_han,,,,
1959.7,NA,1532,NA,5_han_4_SCP_SHLW21Fr1,5_han,,,,
1955.2,NA,683,NA,5_han_4_SCP_SHLW21Fr1,5_han,,,,
1950.1,NA,189,NA,5_han_4_SCP_SHLW21Fr1,5_han,,,,
1945.3,NA,247,NA,5_han_4_SCP_SHLW21Fr1,5_han,,,,
1940.8,NA,155,NA,5_han_4_SCP_SHLW21Fr1,5_han,,,,
1936.9,NA,0,NA,5_han_4_SCP_SHLW21Fr1,5_han,,,,
1932.3,NA,0,NA,5_han_4_SCP_SHLW21Fr1,5_han,,,,
1928.4,NA,0,NA,5_han_4_SCP_SHLW21Fr1,5_han,,,,
1921.9,NA,0,NA,5_han_4_SCP_SHLW21Fr1,5_han,,,,
1917.7,NA,0,NA,5_han_4_SCP_SHLW21Fr1,5_han,,,,
1913.2,NA,0,NA,5_han_4_SCP_SHLW21Fr1,5_han,,,,
1908.7,NA,0,NA,5_han_4_SCP_SHLW21Fr1,5_han,,,,
1903.8,NA,0,NA,5_han_4_SCP_SHLW21Fr1,5_han,,,,
1897.9,NA,0,NA,5_han_4_SCP_SHLW21Fr1,5_han,,,,
1892.9,NA,0,NA,5_han_4_SCP_SHLW21Fr1,5_han,,,,
1888.8,NA,0,NA,5_han_4_SCP_SHLW21Fr1,5_han,,,,
1884.9,NA,0,NA,5_han_4_SCP_SHLW21Fr1,5_han,,,,
1882.6,NA,0,NA,5_han_4_SCP_SHLW21Fr1,5_han,,,,
1878.4,NA,0,NA,5_han_4_SCP_SHLW21Fr1,5_han,,,,
1873.5,NA,0,NA,5_han_4_SCP_SHLW21Fr1,5_han,,,,
1868.2,NA,0,NA,5_han_4_SCP_SHLW21Fr1,5_han,,,,
1863.5,NA,0,NA,5_han_4_SCP_SHLW21Fr1,5_han,,,,
1980,NA,0.0000965733,0.000052,6_zinke_1_239240Pu_FLI01A,6_zinke,,,,
1966,NA,0.00016156,0.000049,6_zinke_1_239240Pu_FLI01A,6_zinke,,,,
1964,NA,0.0000523847,0.00003,6_zinke_1_239240Pu_FLI01A,6_zinke,,,,
1962,NA,0.00005905,0.000025,6_zinke_1_239240Pu_FLI01A,6_zinke,,,,
1960,NA,0.000171002,0.000059,6_zinke_1_239240Pu_FLI01A,6_zinke,,,,
1958,NA,0.000123181,0.000038,6_zinke_1_239240Pu_FLI01A,6_zinke,,,,
1956,NA,0.0000600644,0.000038,6_zinke_1_239240Pu_FLI01A,6_zinke,,,,
1954,NA,0.000117438,0.000038,6_zinke_1_239240Pu_FLI01A,6_zinke,,,,
1940,NA,0.000059096,NA,6_zinke_1_239240Pu_FLI01A,6_zinke,,,,
2010,NA,1.062,0.00284518,6_zinke_1_239240Pu_FLI01A_FL105A,6_zinke,,,,
2000,NA,1.093,0.00291974,6_zinke_1_239240Pu_FLI01A_FL105A,6_zinke,,,,
1990,NA,1.112,0.00296684,6_zinke_1_239240Pu_FLI01A_FL105A,6_zinke,,,,
1979,NA,1.137,0.00302126,6_zinke_1_239240Pu_FLI01A_FL105A,6_zinke,,,,
1975,NA,1.134,0.00301642,6_zinke_1_239240Pu_FLI01A_FL105A,6_zinke,,,,
1970,NA,1.11,0.00295585,6_zinke_1_239240Pu_FLI01A_FL105A,6_zinke,,,,
1967,NA,1.085,0.0028963,6_zinke_1_239240Pu_FLI01A_FL105A,6_zinke,,,,
1966,NA,1.062,0.00285552,6_zinke_1_239240Pu_FLI01A_FL105A,6_zinke,,,,
1965,NA,1.055,0.00283608,6_zinke_1_239240Pu_FLI01A_FL105A,6_zinke,,,,
1964,NA,1.034,0.00278597,6_zinke_1_239240Pu_FLI01A_FL105A,6_zinke,,,,
1963,NA,1.004,0.00271671,6_zinke_1_239240Pu_FLI01A_FL105A,6_zinke,,,,
1962,NA,0.99,0.00268168,6_zinke_1_239240Pu_FLI01A_FL105A,6_zinke,,,,
1961,NA,0.982,0.00267451,6_zinke_1_239240Pu_FLI01A_FL105A,6_zinke,,,,
1960,NA,0.973,0.00264222,6_zinke_1_239240Pu_FLI01A_FL105A,6_zinke,,,,
1959,NA,0.96,0.00403187,6_zinke_1_239240Pu_FLI01A_FL105A,6_zinke,,,,
1958,NA,0.951,0.00262333,6_zinke_1_239240Pu_FLI01A_FL105A,6_zinke,,,,
1957,NA,0.946,0.00259088,6_zinke_1_239240Pu_FLI01A_FL105A,6_zinke,,,,
1953,NA,0.951,0.00433469,6_zinke_1_239240Pu_FLI01A_FL105A,6_zinke,,,,
1952,NA,0.943,0.00257767,6_zinke_1_239240Pu_FLI01A_FL105A,6_zinke,,,,
1951,NA,0.947,0.00258471,6_zinke_1_239240Pu_FLI01A_FL105A,6_zinke,,,,
1950,NA,0.948,0.00259139,6_zinke_1_239240Pu_FLI01A_FL105A,6_zinke,,,,
1945,NA,0.947,0.00260118,6_zinke_1_239240Pu_FLI01A_FL105A,6_zinke,,,,
1940,NA,0.946,0.00258213,6_zinke_1_239240Pu_FLI01A_FL105A,6_zinke,,,,
1935,NA,0.95,0.00259699,6_zinke_1_239240Pu_FLI01A_FL105A,6_zinke,,,,
1930,NA,0.947,0.00258694,6_zinke_1_239240Pu_FLI01A_FL105A,6_zinke,,,,
2000,NA,0.000108404418058031,NA,7_delong_1_239240Pu_05WFGB3,7_delong,,,,
1980,NA,0.000188056597996947,NA,7_delong_1_239240Pu_05WFGB3,7_delong,,,,
1970,NA,0.000137668370718381,NA,7_delong_1_239240Pu_05WFGB3,7_delong,,,,
1966,NA,0.0001137903584929,NA,7_delong_1_239240Pu_05WFGB3,7_delong,,,,
1964,NA,0.000335958935878539,NA,7_delong_1_239240Pu_05WFGB3,7_delong,,,,
1962,NA,0.000183870058553758,NA,7_delong_1_239240Pu_05WFGB3,7_delong,,,,
1960,NA,0.000144517892739141,NA,7_delong_1_239240Pu_05WFGB3,7_delong,,,,
1958,NA,0.000198064487055289,NA,7_delong_1_239240Pu_05WFGB3,7_delong,,,,
1956,NA,0.000225247771853699,NA,7_delong_1_239240Pu_05WFGB3,7_delong,,,,
1954,NA,0.000139799363065992,NA,7_delong_1_239240Pu_05WFGB3,7_delong,,,,
1952,NA,8.82428111359313E-05,NA,7_delong_1_239240Pu_05WFGB3,7_delong,,,,
1950,NA,9.20139539958136E-05,NA,7_delong_1_239240Pu_05WFGB3,7_delong,,,,
1945,NA,0.000139341845986875,NA,7_delong_1_239240Pu_05WFGB3,7_delong,,,,
1936,NA,8.50722239117602E-05,NA,7_delong_1_239240Pu_05WFGB3,7_delong,,,,
2005,NA,1.0830,0.0029,7_delong_2_F14C_05WFGB3,7_delong,,,,
2004,NA,1.0850,0.0029,7_delong_2_F14C_05WFGB3,7_delong,,,,
2000,NA,1.0970,0.0030,7_delong_2_F14C_05WFGB3,7_delong,,,,
1999,NA,1.0950,0.0030,7_delong_2_F14C_05WFGB3,7_delong,,,,
1990,NA,1.1170,0.0030,7_delong_2_F14C_05WFGB3,7_delong,,,,
1980,NA,1.1440,0.0030,7_delong_2_F14C_05WFGB3,7_delong,,,,
1975,NA,1.1660,0.0031,7_delong_2_F14C_05WFGB3,7_delong,,,,
1970,NA,1.1730,0.0031,7_delong_2_F14C_05WFGB3,7_delong,,,,
1967,NA,1.1460,0.0031,7_delong_2_F14C_05WFGB3,7_delong,,,,
1966,NA,1.1370,0.0030,7_delong_2_F14C_05WFGB3,7_delong,,,,
1965,NA,1.1190,0.0030,7_delong_2_F14C_05WFGB3,7_delong,,,,
1964,NA,1.1090,0.0030,7_delong_2_F14C_05WFGB3,7_delong,,,,
1963,NA,1.0860,0.0029,7_delong_2_F14C_05WFGB3,7_delong,,,,
1962,NA,1.0530,0.0029,7_delong_2_F14C_05WFGB3,7_delong,,,,
1961,NA,1.0050,0.0027,7_delong_2_F14C_05WFGB3,7_delong,,,,
1960,NA,0.9910,0.0027,7_delong_2_F14C_05WFGB3,7_delong,,,,
1959,NA,0.9810,0.0027,7_delong_2_F14C_05WFGB3,7_delong,,,,
1958,NA,0.9650,0.0026,7_delong_2_F14C_05WFGB3,7_delong,,,,
1957,NA,0.9610,0.0026,7_delong_2_F14C_05WFGB3,7_delong,,,,
1956,NA,0.9570,0.0026,7_delong_2_F14C_05WFGB3,7_delong,,,,
1955,NA,0.9580,0.0026,7_delong_2_F14C_05WFGB3,7_delong,,,,
1954,NA,0.9500,0.0026,7_delong_2_F14C_05WFGB3,7_delong,,,,
1953,NA,0.9500,0.0025,7_delong_2_F14C_05WFGB3,7_delong,,,,
1952,NA,0.9470,0.0026,7_delong_2_F14C_05WFGB3,7_delong,,,,
1951,NA,0.9480,0.0026,7_delong_2_F14C_05WFGB3,7_delong,,,,
1950,NA,0.9510,0.0026,7_delong_2_F14C_05WFGB3,7_delong,,,,
1945,NA,0.9490,0.0026,7_delong_2_F14C_05WFGB3,7_delong,,,,
1940,NA,0.9500,0.0026,7_delong_2_F14C_05WFGB3,7_delong,,,,
1936,NA,0.9470,0.0026,7_delong_2_F14C_05WFGB3,7_delong,,,,
1935,NA,0.9490,0.0026,7_delong_2_F14C_05WFGB3,7_delong,,,,
1934,NA,0.9510,0.0026,7_delong_2_F14C_05WFGB3,7_delong,,,,
1931,NA,0.9510,0.0026,7_delong_2_F14C_05WFGB3,7_delong,,,,
1930,NA,0.9510,0.0026,7_delong_2_F14C_05WFGB3,7_delong,,,,
1929,NA,0.9530,0.0026,7_delong_2_F14C_05WFGB3,7_delong,,,,
1995.9000,2.2000,0.7400,0.0800,9_fialkiewiczKoziel_1_239240Pu_Sn0,9_fialkiewiczKoziel,,,,
1994.3000,2.4000,0.1900,0.0300,9_fialkiewiczKoziel_1_239240Pu_Sn0,9_fialkiewiczKoziel,,,,
1992.6000,2.5000,0.0400,0.0000,9_fialkiewiczKoziel_1_239240Pu_Sn0,9_fialkiewiczKoziel,,,,
1990.5000,2.7000,0.0500,0.0100,9_fialkiewiczKoziel_1_239240Pu_Sn0,9_fialkiewiczKoziel,,,,
1987.9000,3.0000,0.1000,0.0100,9_fialkiewiczKoziel_1_239240Pu_Sn0,9_fialkiewiczKoziel,,,,
1985.1000,3.2000,0.0400,0.0000,9_fialkiewiczKoziel_1_239240Pu_Sn0,9_fialkiewiczKoziel,,,,
1983.2000,3.4000,0.1800,0.0100,9_fialkiewiczKoziel_1_239240Pu_Sn0,9_fialkiewiczKoziel,,,,
1981.4000,3.5000,0.4400,0.0600,9_fialkiewiczKoziel_1_239240Pu_Sn0,9_fialkiewiczKoziel,,,,
1979.0000,3.8000,0.6700,0.0700,9_fialkiewiczKoziel_1_239240Pu_Sn0,9_fialkiewiczKoziel,,,,
1976.7000,4.0000,0.9400,0.1000,9_fialkiewiczKoziel_1_239240Pu_Sn0,9_fialkiewiczKoziel,,,,
1974.4000,4.2000,4.9100,0.3400,9_fialkiewiczKoziel_1_239240Pu_Sn0,9_fialkiewiczKoziel,,,,
1971.2000,4.5000,10.7000,0.6900,9_fialkiewiczKoziel_1_239240Pu_Sn0,9_fialkiewiczKoziel,,,,
1968.0000,4.7000,20.9000,3.7900,9_fialkiewiczKoziel_1_239240Pu_Sn0,9_fialkiewiczKoziel,,,,
1965.7000,4.9000,24.1200,1.5700,9_fialkiewiczKoziel_1_239240Pu_Sn0,9_fialkiewiczKoziel,,,,
1963.6000,5.1000,17.9900,1.1800,9_fialkiewiczKoziel_1_239240Pu_Sn0,9_fialkiewiczKoziel,,,,
1961.4000,5.3000,11.6400,0.8200,9_fialkiewiczKoziel_1_239240Pu_Sn0,9_fialkiewiczKoziel,,,,
1959.3000,5.5000,5.7200,0.3900,9_fialkiewiczKoziel_1_239240Pu_Sn0,9_fialkiewiczKoziel,,,,
1957.4000,5.7000,5.8600,0.5000,9_fialkiewiczKoziel_1_239240Pu_Sn0,9_fialkiewiczKoziel,,,,
1955.4000,5.9000,3.3200,0.3000,9_fialkiewiczKoziel_1_239240Pu_Sn0,9_fialkiewiczKoziel,,,,
1953.2000,6.1000,1.8400,0.1600,9_fialkiewiczKoziel_1_239240Pu_Sn0,9_fialkiewiczKoziel,,,,
1951.5000,6.2000,1.6400,0.1700,9_fialkiewiczKoziel_1_239240Pu_Sn0,9_fialkiewiczKoziel,,,,
1950.3000,6.3000,0.9100,0.1300,9_fialkiewiczKoziel_1_239240Pu_Sn0,9_fialkiewiczKoziel,,,,
1948.9000,6.5000,1.1100,0.1500,9_fialkiewiczKoziel_1_239240Pu_Sn0,9_fialkiewiczKoziel,,,,
1947.0000,6.6000,0.4100,0.0600,9_fialkiewiczKoziel_1_239240Pu_Sn0,9_fialkiewiczKoziel,,,,
1945.2000,6.8000,0.2200,0.0400,9_fialkiewiczKoziel_1_239240Pu_Sn0,9_fialkiewiczKoziel,,,,
1943.4000,6.9000,0.3500,0.0600,9_fialkiewiczKoziel_1_239240Pu_Sn0,9_fialkiewiczKoziel,,,,
1941.5000,7.1000,1.0700,0.1400,9_fialkiewiczKoziel_1_239240Pu_Sn0,9_fialkiewiczKoziel,,,,
1939.5000,7.3000,0.1700,0.0300,9_fialkiewiczKoziel_1_239240Pu_Sn0,9_fialkiewiczKoziel,,,,
1937.5000,7.5000,0.1100,0.0500,9_fialkiewiczKoziel_1_239240Pu_Sn0,9_fialkiewiczKoziel,,,,
1935.7000,7.6000,0.0508,0.0100,9_fialkiewiczKoziel_1_239240Pu_Sn0,9_fialkiewiczKoziel,,,,
